order_item_id,order_id,product_id,quantity,unit_price,discount_percent
ITEM00001,ORD00140,PROD0177,3,1165.22,0
ITEM00002,ORD00504,PROD0485,4,1032.09,49
ITEM00003,ORD00441,PROD0409,3,795.76,50
ITEM00004,ORD00008,PROD0281,3,5969.29,35
ITEM00005,ORD00448,PROD0203,2,5560.17,47
ITEM00006,ORD00662,PROD0200,4,1340.84,5
ITEM00007,ORD00433,PROD0321,2,2261.35,39
ITEM00008,ORD00279,PROD0146,5,6646.11,26
ITEM00009,ORD00193,PROD0437,1,3398.16,18
ITEM00010,ORD00114,PROD0327,4,5040.87,17
ITEM00011,ORD00638,PROD0252,2,2420.86,9
ITEM00012,ORD00051,PROD0497,5,808.41,6
ITEM00013,ORD00289,PROD0138,-2,3140.02,46
ITEM00014,ORD00009,PROD0120,1,4706.39,31
ITEM00015,ORD00223,PROD0176,4,4305.92,31
ITEM00016,ORD00381,PROD0238,1,6535.29,48
ITEM00017,ORD00150,PROD0029,3,7127.09,4
ITEM00018,ORD00557,PROD0241,2,5669.81,16
ITEM00019,ORD00391,PROD0425,1,5897.98,49
ITEM00020,ORD00255,PROD0198,4,3366.13,2
ITEM00021,ORD00204,PROD0236,1,1061.57,13
ITEM00022,ORD00485,PROD0200,3,1638.77,10
ITEM00023,ORD00645,PROD0373,1,603.07,35
ITEM00024,ORD00534,PROD0063,3,5471.75,19
ITEM00025,ORD00204,PROD0185,1,3951.29,13
ITEM00026,ORD00116,PROD0121,4,3236.23,10
ITEM00027,ORD00283,PROD0300,1,5550.16,15
ITEM00028,ORD00010,PROD0497,1,957.92,44
ITEM00029,ORD00487,PROD0353,5,3853.68,49
ITEM00030,ORD00092,PROD0128,2,4482.81,43
ITEM00031,ORD00634,PROD0174,1,1184.77,41
ITEM00032,ORD00158,PROD0360,5,1524.82,8
ITEM00033,ORD00500,PROD0120,3,5947.7,50
ITEM00034,ORD00661,PROD0388,3,7450.61,28
ITEM00035,ORD00198,PROD0011,4,5545.5,8
ITEM00036,ORD00257,PROD0461,1,6580.96,28
ITEM00037,ORD00573,PROD0151,5,1288.51,12
ITEM00038,ORD00581,PROD0096,5,225.23,46
ITEM00039,ORD00480,PROD0141,5,1877.07,35
ITEM00040,ORD00165,PROD0036,5,2277.94,18
ITEM00041,ORD00270,PROD0278,-3,5336.04,49
ITEM00042,ORD00654,PROD0260,4,5733.57,1
ITEM00043,ORD00635,PROD0439,3,735.86,15
ITEM00044,ORD00329,PROD0370,1,5576.73,34
ITEM00045,ORD00397,PROD0098,5,6084.45,49
ITEM00046,ORD00565,PROD0079,5,4573.45,26
ITEM00047,ORD00657,PROD0165,1,5987.39,42
ITEM00048,ORD00069,PROD0023,2,570.6,2
ITEM00049,ORD00207,PROD0055,4,3496.79,2
ITEM00050,ORD00585,PROD0329,4,3865.03,33
ITEM00051,ORD00639,PROD0360,5,1309.45,23
ITEM00052,ORD00227,PROD0311,1,880.36,13
ITEM00053,ORD00672,PROD0252,1,2528.33,40
ITEM00054,ORD00063,PROD0185,5,3828.38,26
ITEM00055,ORD00378,PROD0407,1,1157.88,17
ITEM00056,ORD00542,PROD0021,1,3223.61,4
ITEM00057,ORD00222,PROD0492,5,5992.76,46
ITEM00058,ORD00237,PROD0273,4,3953.08,33
ITEM00059,ORD00673,PROD0128,5,4643.43,11
ITEM00060,ORD00572,PROD0384,5,3139.01,6
ITEM00061,ORD00654,PROD0296,3,5625.3,44
ITEM00062,ORD00682,PROD0219,1,2104.74,11
ITEM00063,ORD00564,PROD0206,5,4557.95,10
ITEM00064,ORD00547,PROD0308,4,506.15,20
ITEM00065,ORD00564,PROD0167,3,5784.56,40
ITEM00066,ORD00441,PROD0423,3,1531.9,36
ITEM00067,ORD00559,PROD0110,4,2186.85,47
ITEM00068,ORD00261,PROD0185,4,3525.69,25
ITEM00069,ORD00001,PROD0372,1,4282.55,38
ITEM00070,ORD00017,PROD0266,2,1222.1,19
ITEM00071,ORD00007,PROD0154,2,2303.55,20
ITEM00072,ORD00023,PROD0396,-3,5951.55,32
ITEM00073,ORD00570,PROD0293,5,2696.08,2
ITEM00074,ORD00472,PROD0183,2,5995.28,23
ITEM00075,ORD00597,PROD0128,2,4170.7,19
ITEM00076,ORD00095,PROD0293,4,3050.19,13
ITEM00077,ORD00080,PROD0371,3,6642.68,11
ITEM00078,ORD00500,PROD0423,5,1621.52,6
ITEM00079,ORD00610,PROD0329,3,3209.35,36
ITEM00080,ORD00391,PROD0041,1,5212.23,21
ITEM00081,ORD00357,PROD0451,4,4670.34,7
ITEM00082,ORD00233,PROD0383,5,6054.15,40
ITEM00083,ORD00648,PROD0196,1,2137.47,2
ITEM00084,ORD00327,PROD0277,5,3319.73,32
ITEM00085,ORD00227,PROD0079,1,5117.43,25
ITEM00086,ORD00457,PROD0386,5,974.33,5
ITEM00087,ORD00228,PROD0222,3,5783.03,9
ITEM00088,ORD00136,PROD0173,1,1321.03,47
ITEM00089,ORD00051,PROD0281,4,6107.8,25
ITEM00090,ORD00514,PROD0223,2,189.2,30
ITEM00091,ORD00573,PROD0102,4,6433.02,36
ITEM00092,ORD00201,PROD0288,5,7591.06,33
ITEM00093,ORD00253,PROD0125,1,4522.96,27
ITEM00094,ORD00332,PROD0351,5,4895.17,42
ITEM00095,ORD00424,PROD0217,-3,2735.73,20
ITEM00096,ORD00353,PROD0305,1,4565.6,10
ITEM00097,ORD00359,PROD0316,4,1202.62,28
ITEM00098,ORD00046,PROD0474,2,170.43,23
ITEM00099,ORD00160,PROD0388,1,6093.53,3
ITEM00100,ORD00249,PROD0486,5,5226.4,18
ITEM00101,ORD00015,PROD0176,1,4297.53,30
ITEM00102,ORD00024,PROD0170,2,709.5,13
ITEM00103,ORD00209,PROD0280,5,1274.79,35
ITEM00104,ORD00495,PROD0319,2,5280.74,42
ITEM00105,ORD00019,PROD0193,5,5697.02,33
ITEM00106,ORD00045,PROD0131,2,5449.02,12
ITEM00107,ORD00633,PROD0139,1,6715.3,0
ITEM00108,ORD00069,PROD0199,3,1440.71,42
ITEM00109,ORD00369,PROD0443,1,4279.77,41
ITEM00110,ORD00396,PROD0119,4,248.87,45
ITEM00111,ORD00102,PROD0463,3,3204.96,38
ITEM00112,ORD00545,PROD0046,2,2076.3,29
ITEM00113,ORD00575,PROD0475,1,2384.94,33
ITEM00114,ORD00313,PROD0171,4,1425.4,10
ITEM00115,ORD00019,PROD0178,3,4286.55,19
ITEM00116,ORD00242,PROD0257,3,654.79,40
ITEM00117,ORD00264,PROD0450,4,1394.34,1
ITEM00118,ORD00569,PROD0486,3,4293.19,21
ITEM00119,ORD00403,PROD0337,2,3594.24,24
ITEM00120,ORD00534,PROD0492,5,7493.48,43
ITEM00121,ORD00233,PROD0214,2,5486.93,27
ITEM00122,ORD00320,PROD0466,5,2833.45,34
ITEM00123,ORD00135,PROD0106,2,5994.79,43
ITEM00124,ORD00208,PROD0442,2,2592.12,45
ITEM00125,ORD00537,PROD0466,2,2919.22,49
ITEM00126,ORD00149,PROD0336,5,2834.64,20
ITEM00127,ORD00070,PROD0286,5,5735.11,7
ITEM00128,ORD00189,PROD0163,2,3285.03,48
ITEM00129,ORD00327,PROD0451,4,5414.91,19
ITEM00130,ORD00454,PROD0382,3,322.13,12
ITEM00131,ORD00110,PROD0068,2,4631.06,39
ITEM00132,ORD00632,PROD0137,5,4242.9,14
ITEM00133,ORD00611,PROD0119,2,261.55,22
ITEM00134,ORD00082,PROD0353,4,3828.15,38
ITEM00135,ORD00481,PROD0365,3,3031.71,24
ITEM00136,ORD00504,PROD0243,2,4797.73,14
ITEM00137,ORD00034,PROD0210,1,6143.79,26
ITEM00138,ORD00228,PROD0381,2,5308.82,4
ITEM00139,ORD00182,PROD0475,4,3034.09,31
ITEM00140,ORD00333,PROD0444,4,5069.49,27
ITEM00141,ORD00415,PROD0398,1,4227.96,24
ITEM00142,ORD00321,PROD0202,5,6605.29,36
ITEM00143,ORD00609,PROD0275,5,5635.29,45
ITEM00144,ORD00040,PROD0267,1,6217.77,2
ITEM00145,ORD00252,PROD0266,5,1039.15,47
ITEM00146,ORD00041,PROD0286,4,5106.96,40
ITEM00147,ORD00051,PROD0098,3,5681.92,19
ITEM00148,ORD00293,PROD0237,2,5593.93,39
ITEM00149,ORD00056,PROD0354,5,7723.95,29
ITEM00150,ORD00662,PROD0232,1,2997.8,7
ITEM00151,ORD00185,PROD0399,5,6920.63,44
ITEM00152,ORD00560,PROD0070,4,5463.2,28
ITEM00153,ORD00026,PROD0092,4,6575.79,45
ITEM00154,ORD00207,PROD0452,4,4911.46,20
ITEM00155,ORD00665,PROD0465,2,5865.74,7
ITEM00156,ORD00094,PROD0059,4,2895.32,5
ITEM00157,ORD00537,PROD0363,4,4403.76,32
ITEM00158,ORD00627,PROD0487,2,3108.97,24
ITEM00159,ORD00045,PROD0394,2,5309.58,36
ITEM00160,ORD00676,PROD0442,2,2477.07,9
ITEM00161,ORD00184,PROD0394,1,4640.95,19
ITEM00162,ORD00457,PROD0148,2,1439.25,8
ITEM00163,ORD00208,PROD0002,5,5633.21,0
ITEM00164,ORD00470,PROD0255,-4,2665.02,0
ITEM00165,ORD00623,PROD0452,4,5146.21,37
ITEM00166,ORD00676,PROD0244,4,5898.85,5
ITEM00167,ORD00616,PROD0308,1,417.52,35
ITEM00168,ORD00285,PROD0318,5,6461.74,13
ITEM00169,ORD00051,PROD0095,-2,5914.14,22
ITEM00170,ORD00038,PROD0075,1,4731.5,38
ITEM00171,ORD00306,PROD0170,1,578.41,26
ITEM00172,ORD00183,PROD0083,3,2087.14,44
ITEM00173,ORD00610,PROD0294,5,3905.23,29
ITEM00174,ORD00593,PROD0185,1,3163.28,19
ITEM00175,ORD00331,PROD0189,4,4718.87,48
ITEM00176,ORD00438,PROD0432,5,3160.66,30
ITEM00177,ORD00138,PROD0063,3,5232.81,26
ITEM00178,ORD00538,PROD0108,2,6874.06,6
ITEM00179,ORD00586,PROD0374,5,1445.32,30
ITEM00180,ORD00620,PROD0479,3,5073.25,20
ITEM00181,ORD00266,PROD0270,5,6374.64,22
ITEM00182,ORD00133,PROD0315,5,5030.06,46
ITEM00183,ORD00648,PROD0255,4,2863.94,39
ITEM00184,ORD00239,PROD0363,3,4701.99,0
ITEM00185,ORD00122,PROD0013,4,5908.92,7
ITEM00186,ORD00213,PROD0410,5,3116.2,26
ITEM00187,ORD00047,PROD0171,3,1495.56,40
ITEM00188,ORD00218,PROD0006,2,2131.55,16
ITEM00189,ORD00070,PROD0158,3,2129.67,20
ITEM00190,ORD00007,PROD0059,3,2662.12,46
ITEM00191,ORD00583,PROD0316,1,1271.95,12
ITEM00192,ORD00339,PROD0427,3,5790.19,30
ITEM00193,ORD00486,PROD0409,1,806.52,30
ITEM00194,ORD00160,PROD0322,4,2181.27,34
ITEM00195,ORD00344,PROD0237,4,6419.88,3
ITEM00196,ORD00534,PROD0154,5,2669.09,20
ITEM00197,ORD00569,PROD0275,1,4964.99,43
ITEM00198,ORD00340,PROD0410,3,2389.34,9
ITEM00199,ORD00288,PROD0431,1,578.39,24
ITEM00200,ORD00642,PROD0274,2,2929.6,24
ITEM00201,ORD00192,PROD0305,1,4680.55,48
ITEM00202,ORD00316,PROD0362,3,1860.93,17
ITEM00203,ORD00424,PROD0045,4,1077.8,23
ITEM00204,ORD00463,PROD0425,3,6075.91,19
ITEM00205,ORD00180,PROD0058,3,2511.78,49
ITEM00206,ORD00207,PROD0468,1,4763.5,1
ITEM00207,ORD00495,PROD0464,5,680.18,21
ITEM00208,ORD00496,PROD0376,5,5379.45,20
ITEM00209,ORD00147,PROD0394,-1,5187.28,33
ITEM00210,ORD00693,PROD0068,2,5699.8,29
ITEM00211,ORD00397,PROD0366,5,5762.08,19
ITEM00212,ORD00046,PROD0352,5,6808.37,21
ITEM00213,ORD00479,PROD0456,1,2288.19,49
ITEM00214,ORD00675,PROD0382,3,308.9,48
ITEM00215,ORD00320,PROD0328,2,6124.43,12
ITEM00216,ORD00294,PROD0142,5,2523.95,28
ITEM00217,ORD00688,PROD0061,3,741.46,17
ITEM00218,ORD00118,PROD0008,5,858.13,6
ITEM00219,ORD00212,PROD0278,3,5483.24,17
ITEM00220,ORD00145,PROD0483,3,6748.7,10
ITEM00221,ORD00073,PROD0160,5,4218.65,34
ITEM00222,ORD00455,PROD0026,2,545.11,43
ITEM00223,ORD00052,PROD0055,4,3345.79,27
ITEM00224,ORD00402,PROD0092,-5,7127.01,40
ITEM00225,ORD00457,PROD0316,3,1099.48,12
ITEM00226,ORD00687,PROD0415,5,2516.4,48
ITEM00227,ORD00477,PROD0291,2,3051.38,44
ITEM00228,ORD00480,PROD0050,4,6492.61,41
ITEM00229,ORD00477,PROD0241,2,7011.25,9
ITEM00230,ORD00632,PROD0133,3,2213.49,44
ITEM00231,ORD00682,PROD0170,3,655.1,1
ITEM00232,ORD00067,PROD0244,1,5797.3,29
ITEM00233,ORD00175,PROD0145,3,6654.56,8
ITEM00234,ORD00521,PROD0053,4,7143.13,50
ITEM00235,ORD00110,PROD0167,5,6186.51,50
ITEM00236,ORD00310,PROD0273,4,4215.04,26
ITEM00237,ORD00245,PROD0318,2,6001.36,30
ITEM00238,ORD00394,PROD0034,3,4225.12,44
ITEM00239,ORD00606,PROD0221,4,6556.88,21
ITEM00240,ORD00558,PROD0356,2,4673.93,42
ITEM00241,ORD00080,PROD0379,5,3131.02,7
ITEM00242,ORD00607,PROD0306,4,186.31,6
ITEM00243,ORD00456,PROD0091,3,4274.22,4
ITEM00244,ORD00613,PROD0056,5,3516.69,24
ITEM00245,ORD00336,PROD0254,1,6060.08,8
ITEM00246,ORD00595,PROD0463,-1,3455.5,42
ITEM00247,ORD00153,PROD0232,5,2650.61,39
ITEM00248,ORD00592,PROD0229,2,1958.31,20
ITEM00249,ORD00307,PROD0292,3,717.2,27
ITEM00250,ORD00353,PROD0046,5,1952.49,32
ITEM00251,ORD00414,PROD0434,2,4319.51,3
ITEM00252,ORD00379,PROD0462,5,953.77,0
ITEM00253,ORD00574,PROD0421,3,4642.33,18
ITEM00254,ORD00032,PROD0121,4,3603.91,25
ITEM00255,ORD00641,PROD0163,4,3002.06,27
ITEM00256,ORD00559,PROD0109,2,3847.21,12
ITEM00257,ORD00569,PROD0197,3,6273.9,9
ITEM00258,ORD00296,PROD0447,2,5802.65,4
ITEM00259,ORD00664,PROD0009,2,3572.56,31
ITEM00260,ORD00674,PROD0224,2,1427.22,41
ITEM00261,ORD00426,PROD0441,4,5144.68,44
ITEM00262,ORD00619,PROD0477,4,4428.68,29
ITEM00263,ORD00522,PROD0218,5,7599.15,24
ITEM00264,ORD00364,PROD0116,2,6765.81,0
ITEM00265,ORD00592,PROD0256,2,6323.21,17
ITEM00266,ORD00421,PROD0475,5,2805.95,2
ITEM00267,ORD00039,PROD0291,4,3655.13,7
ITEM00268,ORD00595,PROD0247,1,3181.55,46
ITEM00269,ORD00540,PROD0440,3,1790.29,5
ITEM00270,ORD00536,PROD0456,5,2277.38,30
ITEM00271,ORD00646,PROD0380,1,4323.23,34
ITEM00272,ORD00594,PROD0160,5,3308.78,21
ITEM00273,ORD00548,PROD0399,1,6096.43,32
ITEM00274,ORD00481,PROD0294,3,4204.62,18
ITEM00275,ORD00297,PROD0086,1,5056.38,38
ITEM00276,ORD00312,PROD0373,5,525.07,40
ITEM00277,ORD00485,PROD0297,2,3409.54,42
ITEM00278,ORD00299,PROD0415,5,2474.51,31
ITEM00279,ORD00085,PROD0065,5,5877.15,50
ITEM00280,ORD00285,PROD0130,2,6188.34,17
ITEM00281,ORD00264,PROD0008,1,868.78,37
ITEM00282,ORD00155,PROD0338,4,6439.73,11
ITEM00283,ORD00268,PROD0401,2,3936.1,33
ITEM00284,ORD00034,PROD0176,1,5158.6,38
ITEM00285,ORD00158,PROD0429,4,4003.94,26
ITEM00286,ORD00393,PROD0122,4,3450.02,10
ITEM00287,ORD00216,PROD0296,3,4675.88,16
ITEM00288,ORD00119,PROD0027,-2,5223.58,30
ITEM00289,ORD00309,PROD0244,5,5593.56,43
ITEM00290,ORD00400,PROD0243,3,4769.47,27
ITEM00291,ORD00013,PROD0148,4,1561.34,20
ITEM00292,ORD00543,PROD0350,1,5479.86,34
ITEM00293,ORD00653,PROD0182,4,3732.71,41
ITEM00294,ORD00280,PROD0172,3,1643.63,6
ITEM00295,ORD00262,PROD0336,5,2454.03,49
ITEM00296,ORD00692,PROD0384,2,3432.33,37
ITEM00297,ORD00200,PROD0267,3,6625.09,11
ITEM00298,ORD00321,PROD0281,1,6875.81,4
ITEM00299,ORD00013,PROD0211,1,5677.33,43
ITEM00300,ORD00457,PROD0180,2,3448.66,16
ITEM00301,ORD00198,PROD0018,1,4469.51,3
ITEM00302,ORD00609,PROD0337,2,4598.43,40
ITEM00303,ORD00125,PROD0363,1,3646.95,38
ITEM00304,ORD00134,PROD0193,5,5547.03,11
ITEM00305,ORD00114,PROD0357,2,219.94,29
ITEM00306,ORD00677,PROD0480,1,2469.77,17
ITEM00307,ORD00438,PROD0355,3,1872.19,49
ITEM00308,ORD00076,PROD0142,1,2572.35,21
ITEM00309,ORD00062,PROD0133,3,2073.75,4
ITEM00310,ORD00504,PROD0476,2,3191.54,11
ITEM00311,ORD00661,PROD0252,1,2291.98,49
ITEM00312,ORD00442,PROD0112,5,1885.05,28
ITEM00313,ORD00266,PROD0053,1,5749.83,36
ITEM00314,ORD00257,PROD0398,4,3537.55,31
ITEM00315,ORD00153,PROD0335,1,5478.02,42
ITEM00316,ORD00400,PROD0137,2,4401.11,25
ITEM00317,ORD00589,PROD0002,5,5546.76,49
ITEM00318,ORD00503,PROD0245,4,1958.97,46
ITEM00319,ORD00072,PROD0277,2,3165.56,44
ITEM00320,ORD00494,PROD0063,5,5556.75,22
ITEM00321,ORD00342,PROD0350,3,6016.37,40
ITEM00322,ORD00663,PROD0047,3,787.13,21
ITEM00323,ORD00083,PROD0431,4,651.37,18
ITEM00324,ORD00664,PROD0104,2,2726.94,24
ITEM00325,ORD00677,PROD0098,3,6105.36,6
ITEM00326,ORD00646,PROD0353,3,4258.61,40
ITEM00327,ORD00449,PROD0377,2,2936.86,12
ITEM00328,ORD00026,PROD0369,5,3017.49,24
ITEM00329,ORD00065,PROD0406,5,4161.78,31
ITEM00330,ORD00547,PROD0495,4,4734.65,1
ITEM00331,ORD00038,PROD0174,1,1292.39,46
ITEM00332,ORD00044,PROD0208,1,2076.53,41
ITEM00333,ORD00684,PROD0268,4,5315.04,34
ITEM00334,ORD00153,PROD0380,5,3793.88,4
ITEM00335,ORD00038,PROD0377,2,3263.25,1
ITEM00336,ORD00483,PROD0465,5,4804.75,44
ITEM00337,ORD00665,PROD0067,1,6328.5,3
ITEM00338,ORD00315,PROD0421,1,5159.59,10
ITEM00339,ORD00606,PROD0033,1,3641.86,38
ITEM00340,ORD00631,PROD0113,1,663.79,27
ITEM00341,ORD00346,PROD0416,4,5185.83,43
ITEM00342,ORD00590,PROD0280,2,1129.05,50
ITEM00343,ORD00219,PROD0392,1,4474.28,21
ITEM00344,ORD00065,PROD0062,3,2649.82,26
ITEM00345,ORD00173,PROD0357,3,240.22,28
ITEM00346,ORD00250,PROD0474,5,161.96,6
ITEM00347,ORD00648,PROD0314,4,3853.79,1
ITEM00348,ORD00499,PROD0042,1,1225.92,5
ITEM00349,ORD00668,PROD0304,3,2499.57,50
ITEM00350,ORD00488,PROD0355,2,1842.77,40
ITEM00351,ORD00278,PROD0268,4,4602.71,11
ITEM00352,ORD00626,PROD0355,1,2066.99,45
ITEM00353,ORD00512,PROD0314,1,3700.29,50
ITEM00354,ORD00309,PROD0179,4,2192.76,15
ITEM00355,ORD00197,PROD0061,5,936.28,39
ITEM00356,ORD00371,PROD0442,5,2747.65,29
ITEM00357,ORD00642,PROD0338,2,6261.36,12
ITEM00358,ORD00116,PROD0408,2,2532.93,30
ITEM00359,ORD00510,PROD0091,2,3965.49,2
ITEM00360,ORD00056,PROD0331,3,6004.32,27
ITEM00361,ORD00258,PROD0172,5,1914.33,48
ITEM00362,ORD00465,PROD0023,1,671.45,34
ITEM00363,ORD00181,PROD0081,1,2744.4,7
ITEM00364,ORD00073,PROD0459,2,1273.73,37
ITEM00365,ORD00594,PROD0167,4,5422.48,43
ITEM00366,ORD00334,PROD0118,1,2468.51,6
ITEM00367,ORD00243,PROD0378,4,5257.72,24
ITEM00368,ORD00226,PROD0038,4,2168.65,3
ITEM00369,ORD00447,PROD0075,2,5068.12,29
ITEM00370,ORD00183,PROD0199,3,1233.6,46
ITEM00371,ORD00199,PROD0324,3,1310.5,12
ITEM00372,ORD00344,PROD0066,1,4616.08,3
ITEM00373,ORD00288,PROD0070,1,6164.34,29
ITEM00374,ORD00429,PROD0088,-3,339.36,18
ITEM00375,ORD00619,PROD0081,5,3075.55,36
ITEM00376,ORD00567,PROD0438,2,3308.24,33
ITEM00377,ORD00501,PROD0442,2,2813.49,29
ITEM00378,ORD00286,PROD0008,4,900.69,15
ITEM00379,ORD00254,PROD0168,4,2952.63,37
ITEM00380,ORD00153,PROD0468,5,5392.14,26
ITEM00381,ORD00046,PROD0021,4,3138.72,32
ITEM00382,ORD00035,PROD0218,5,6752.21,44
ITEM00383,ORD00101,PROD0232,4,2609.55,35
ITEM00384,ORD00013,PROD0355,4,2270.26,8
ITEM00385,ORD00368,PROD0152,2,2091.27,5
ITEM00386,ORD00017,PROD0246,3,4732.85,29
ITEM00387,ORD00585,PROD0383,5,4660.69,29
ITEM00388,ORD00475,PROD0396,2,5883.34,25
ITEM00389,ORD00190,PROD0405,3,2282.87,45
ITEM00390,ORD00649,PROD0001,1,935.86,44
ITEM00391,ORD00341,PROD0272,1,2463.73,48
ITEM00392,ORD00277,PROD0358,-5,1360.2,50
ITEM00393,ORD00213,PROD0404,-1,5498.23,21
ITEM00394,ORD00057,PROD0264,3,5520.6,7
ITEM00395,ORD00393,PROD0188,4,5164.29,23
ITEM00396,ORD00376,PROD0090,5,1423.62,35
ITEM00397,ORD00210,PROD0071,3,2863.43,7
ITEM00398,ORD00665,PROD0245,5,2227.85,44
ITEM00399,ORD00215,PROD0386,2,904.89,17
ITEM00400,ORD00516,PROD0349,4,1622.69,4
ITEM00401,ORD00382,PROD0177,4,1170.94,33
ITEM00402,ORD00126,PROD0241,5,6533.22,34
ITEM00403,ORD00300,PROD0232,5,2712.33,43
ITEM00404,ORD00068,PROD0097,4,4194.86,25
ITEM00405,ORD00184,PROD0148,1,1435.47,17
ITEM00406,ORD00115,PROD0357,2,236.37,13
ITEM00407,ORD00534,PROD0488,1,3580.86,43
ITEM00408,ORD00555,PROD0478,2,1348.46,26
ITEM00409,ORD00455,PROD0378,1,4471.93,4
ITEM00410,ORD00023,PROD0447,2,7099.84,33
ITEM00411,ORD00661,PROD0172,4,1800.4,41
ITEM00412,ORD00662,PROD0403,3,2929.02,42
ITEM00413,ORD00543,PROD0432,5,3552.87,19
ITEM00414,ORD00581,PROD0068,3,4853.79,16
ITEM00415,ORD00233,PROD0248,3,2234.61,49
ITEM00416,ORD00049,PROD0076,3,191.87,10
ITEM00417,ORD00634,PROD0474,2,197.71,18
ITEM00418,ORD00187,PROD0499,2,2774.56,44
ITEM00419,ORD00683,PROD0407,2,957.29,7
ITEM00420,ORD00043,PROD0163,5,2755.66,16
ITEM00421,ORD00379,PROD0095,2,6896.43,2
ITEM00422,ORD00682,PROD0163,3,2774.59,28
ITEM00423,ORD00553,PROD0500,2,2350.1,7
ITEM00424,ORD00026,PROD0208,4,2436.56,29
ITEM00425,ORD00328,PROD0080,1,7935.42,34
ITEM00426,ORD00520,PROD0170,3,659.01,18
ITEM00427,ORD00588,PROD0342,2,1174.28,46
ITEM00428,ORD00453,PROD0174,1,1444.92,2
ITEM00429,ORD00143,PROD0348,5,1868.31,1
ITEM00430,ORD00412,PROD0317,2,2289.23,5
ITEM00431,ORD00335,PROD0029,5,6873.5,37
ITEM00432,ORD00540,PROD0114,3,5220.47,5
ITEM00433,ORD00552,PROD0435,4,5351.95,5
ITEM00434,ORD00525,PROD0202,2,5852.94,38
ITEM00435,ORD00620,PROD0262,1,354.86,23
ITEM00436,ORD00408,PROD0076,4,196.85,23
ITEM00437,ORD00013,PROD0146,3,5847.89,28
ITEM00438,ORD00575,PROD0045,2,1036.33,28
ITEM00439,ORD00426,PROD0412,4,5735.93,46
ITEM00440,ORD00435,PROD0374,-4,1138.07,37
ITEM00441,ORD00613,PROD0045,-2,891.75,30
ITEM00442,ORD00538,PROD0172,1,1978.72,37
ITEM00443,ORD00385,PROD0046,-1,2212.99,17
ITEM00444,ORD00425,PROD0090,5,1330.34,36
ITEM00445,ORD00141,PROD0103,2,883.33,18
ITEM00446,ORD00568,PROD0252,1,2786.94,19
ITEM00447,ORD00600,PROD0156,4,2899.8,29
ITEM00448,ORD00230,PROD0014,1,858.41,19
ITEM00449,ORD00656,PROD0428,4,4535.73,42
ITEM00450,ORD00295,PROD0214,2,5362.52,44
ITEM00451,ORD00661,PROD0126,1,574.09,17
ITEM00452,ORD00505,PROD0497,1,962.69,23
ITEM00453,ORD00596,PROD0247,5,3479.23,16
ITEM00454,ORD00644,PROD0352,4,6988.4,7
ITEM00455,ORD00383,PROD0263,5,2409.5,16
ITEM00456,ORD00167,PROD0298,1,994.56,29
ITEM00457,ORD00139,PROD0183,-2,5831.91,23
ITEM00458,ORD00430,PROD0326,3,2757.37,18
ITEM00459,ORD00543,PROD0328,1,6480.34,49
ITEM00460,ORD00644,PROD0094,1,1136.79,10
ITEM00461,ORD00557,PROD0166,3,6393.75,43
ITEM00462,ORD00309,PROD0139,3,5999.91,37
ITEM00463,ORD00361,PROD0422,2,5640.53,33
ITEM00464,ORD00289,PROD0191,4,5414.44,10
ITEM00465,ORD00105,PROD0112,2,1812.64,12
ITEM00466,ORD00573,PROD0315,5,5533.11,45
ITEM00467,ORD00565,PROD0360,1,1374.36,4
ITEM00468,ORD00120,PROD0420,2,3007.61,30
ITEM00469,ORD00357,PROD0160,3,3402.25,28
ITEM00470,ORD00612,PROD0268,3,4279.19,19
ITEM00471,ORD00030,PROD0382,1,329.32,44
ITEM00472,ORD00146,PROD0353,2,4039.88,13
ITEM00473,ORD00134,PROD0041,4,4905.16,50
ITEM00474,ORD00115,PROD0040,1,1008.63,48
ITEM00475,ORD00442,PROD0022,2,1534.3,50
ITEM00476,ORD00676,PROD0263,5,2442.81,7
ITEM00477,ORD00260,PROD0023,1,592.69,0
ITEM00478,ORD00099,PROD0401,1,4427.63,13
ITEM00479,ORD00602,PROD0462,2,765.53,22
ITEM00480,ORD00030,PROD0047,2,856.44,17
ITEM00481,ORD00594,PROD0179,3,2306.6,32
ITEM00482,ORD00628,PROD0124,5,568.44,6
ITEM00483,ORD00593,PROD0391,1,6624.77,45
ITEM00484,ORD00197,PROD0494,3,2898.13,48
ITEM00485,ORD00551,PROD0003,1,5837.94,32
ITEM00486,ORD00487,PROD0188,5,4544.98,43
ITEM00487,ORD00110,PROD0093,3,6951.27,27
ITEM00488,ORD00220,PROD0264,2,4838.47,48
ITEM00489,ORD00322,PROD0064,4,4085.96,8
ITEM00490,ORD00508,PROD0391,-3,6954.98,35
ITEM00491,ORD00042,PROD0043,3,4422.34,24
ITEM00492,ORD00291,PROD0234,5,2764.41,43
ITEM00493,ORD00455,PROD0116,5,6731.26,27
ITEM00494,ORD00194,PROD0439,1,758.99,30
ITEM00495,ORD00696,PROD0189,2,3721.45,43
ITEM00496,ORD00504,PROD0345,1,3280.59,33
ITEM00497,ORD00675,PROD0347,1,3043.73,25
ITEM00498,ORD00411,PROD0356,5,5858.93,47
ITEM00499,ORD00173,PROD0034,3,5235.19,21
ITEM00500,ORD00206,PROD0305,4,3782.09,27
ITEM00501,ORD00512,PROD0143,5,5829.45,48
ITEM00502,ORD00660,PROD0483,4,6337.09,42
ITEM00503,ORD00618,PROD0487,4,3669.21,32
ITEM00504,ORD00286,PROD0076,-4,181.57,16
ITEM00505,ORD00502,PROD0255,2,2728.85,8
ITEM00506,ORD00031,PROD0051,1,1239.11,31
ITEM00507,ORD00695,PROD0014,2,920.63,43
ITEM00508,ORD00335,PROD0079,3,5045.46,6
ITEM00509,ORD00079,PROD0339,5,2274.69,50
ITEM00510,ORD00478,PROD0104,3,2809.5,31
ITEM00511,ORD00517,PROD0134,-5,4634.81,34
ITEM00512,ORD00560,PROD0010,1,7711.56,7
ITEM00513,ORD00393,PROD0231,3,4107.27,28
ITEM00514,ORD00471,PROD0019,1,1774.94,42
ITEM00515,ORD00311,PROD0453,2,507.12,8
ITEM00516,ORD00320,PROD0367,4,4505.36,7
ITEM00517,ORD00583,PROD0346,4,7161.69,43
ITEM00518,ORD00553,PROD0293,4,2970.58,10
ITEM00519,ORD00519,PROD0029,4,6160.12,37
ITEM00520,ORD00387,PROD0316,3,1250.18,18
ITEM00521,ORD00329,PROD0032,1,6912.88,8
ITEM00522,ORD00376,PROD0179,-5,2209.06,40
ITEM00523,ORD00350,PROD0195,1,6639.24,22
ITEM00524,ORD00422,PROD0180,1,3389.4,15
ITEM00525,ORD00241,PROD0332,3,4902.74,44
ITEM00526,ORD00068,PROD0445,3,5586.71,10
ITEM00527,ORD00021,PROD0276,3,3945.5,42
ITEM00528,ORD00433,PROD0291,5,3849.02,17
ITEM00529,ORD00021,PROD0357,4,242.56,20
ITEM00530,ORD00387,PROD0293,4,2839.41,6
ITEM00531,ORD00501,PROD0052,2,5782.87,32
ITEM00532,ORD00684,PROD0174,2,1399.69,23
ITEM00533,ORD00447,PROD0104,4,2789.05,50
ITEM00534,ORD00078,PROD0431,5,556.73,16
ITEM00535,ORD00049,PROD0153,5,3083.62,14
ITEM00536,ORD00640,PROD0381,1,5252.21,37
ITEM00537,ORD00098,PROD0304,3,2395.04,36
ITEM00538,ORD00544,PROD0244,4,5552.18,50
ITEM00539,ORD00079,PROD0334,3,2190.61,19
ITEM00540,ORD00444,PROD0340,5,4392.53,26
ITEM00541,ORD00412,PROD0129,5,3266.78,42
ITEM00542,ORD00561,PROD0093,1,6334.14,33
ITEM00543,ORD00192,PROD0296,4,4918.72,47
ITEM00544,ORD00479,PROD0138,5,3219.25,49
ITEM00545,ORD00445,PROD0479,5,5516.7,3
ITEM00546,ORD00535,PROD0103,3,798.09,15
ITEM00547,ORD00155,PROD0383,3,5923.88,26
ITEM00548,ORD00327,PROD0441,1,4801.6,26
ITEM00549,ORD00274,PROD0422,3,6825.86,16
ITEM00550,ORD00616,PROD0121,4,3152.48,9
ITEM00551,ORD00197,PROD0015,2,6036.74,19
ITEM00552,ORD00476,PROD0249,5,777.09,27
ITEM00553,ORD00663,PROD0464,1,690.52,17
ITEM00554,ORD00140,PROD0015,3,6025.01,17
ITEM00555,ORD00675,PROD0282,2,6538.07,2
ITEM00556,ORD00498,PROD0401,1,3450.89,5
ITEM00557,ORD00322,PROD0309,3,1630.11,26
ITEM00558,ORD00373,PROD0344,1,485.36,46
ITEM00559,ORD00144,PROD0121,1,3476.14,32
ITEM00560,ORD00124,PROD0268,5,5327.97,33
ITEM00561,ORD00258,PROD0255,1,2435.32,7
ITEM00562,ORD00321,PROD0169,5,5612.49,47
ITEM00563,ORD00242,PROD0479,4,4763.79,6
ITEM00564,ORD00180,PROD0110,3,1997.4,16
ITEM00565,ORD00604,PROD0029,4,6669.93,44
ITEM00566,ORD00116,PROD0163,5,3017.71,43
ITEM00567,ORD00253,PROD0494,3,3544.73,9
ITEM00568,ORD00372,PROD0244,3,6610.17,1
ITEM00569,ORD00661,PROD0496,5,2993.03,47
ITEM00570,ORD00679,PROD0410,1,2875.96,50
ITEM00571,ORD00688,PROD0123,3,5206.15,19
ITEM00572,ORD00655,PROD0491,3,1428.65,43
ITEM00573,ORD00125,PROD0274,-2,3164.78,24
ITEM00574,ORD00009,PROD0466,4,3342.58,16
ITEM00575,ORD00309,PROD0047,2,734.31,10
ITEM00576,ORD00450,PROD0324,3,1278.83,49
ITEM00577,ORD00660,PROD0209,1,4483.73,5
ITEM00578,ORD00504,PROD0242,4,7769.28,21
ITEM00579,ORD00433,PROD0449,1,4553.3,44
ITEM00580,ORD00268,PROD0260,1,5147.26,38
ITEM00581,ORD00561,PROD0378,3,4691.68,1
ITEM00582,ORD00054,PROD0329,2,3835.7,50
ITEM00583,ORD00657,PROD0070,1,5442.56,40
ITEM00584,ORD00313,PROD0161,5,558.71,10
ITEM00585,ORD00256,PROD0265,2,5386.53,43
ITEM00586,ORD00421,PROD0406,3,3942.55,47
ITEM00587,ORD00137,PROD0134,2,5111.45,20
ITEM00588,ORD00289,PROD0102,1,6469.35,11
ITEM00589,ORD00403,PROD0449,4,4696.6,36
ITEM00590,ORD00230,PROD0011,1,6478.42,41
ITEM00591,ORD00627,PROD0321,2,2512.29,29
ITEM00592,ORD00204,PROD0135,2,5093.97,39
ITEM00593,ORD00440,PROD0308,3,405.23,23
ITEM00594,ORD00175,PROD0485,5,975.08,45
ITEM00595,ORD00539,PROD0223,4,192.48,31
ITEM00596,ORD00122,PROD0115,2,5059.37,50
ITEM00597,ORD00273,PROD0148,4,1561.37,27
ITEM00598,ORD00212,PROD0308,2,514.09,18
ITEM00599,ORD00694,PROD0097,4,4321.31,50
ITEM00600,ORD00150,PROD0015,3,6321.46,15
ITEM00601,ORD00633,PROD0231,2,3592.13,43
ITEM00602,ORD00663,PROD0235,1,4444.93,8
ITEM00603,ORD00332,PROD0499,4,2664.37,45
ITEM00604,ORD00393,PROD0363,4,4414.67,16
ITEM00605,ORD00075,PROD0049,5,3173.11,21
ITEM00606,ORD00241,PROD0242,3,7908.27,42
ITEM00607,ORD00613,PROD0364,1,4200.98,32
ITEM00608,ORD00635,PROD0196,3,2572.58,42
ITEM00609,ORD00380,PROD0068,5,4653.91,11
ITEM00610,ORD00267,PROD0087,5,6324.39,21
ITEM00611,ORD00480,PROD0068,1,5076.57,33
ITEM00612,ORD00444,PROD0073,3,607.09,2
ITEM00613,ORD00131,PROD0256,3,6384.01,27
ITEM00614,ORD00290,PROD0463,3,3322.93,48
ITEM00615,ORD00271,PROD0265,3,4810.79,10
ITEM00616,ORD00324,PROD0378,4,5113.42,9
ITEM00617,ORD00570,PROD0437,4,3260.22,9
ITEM00618,ORD00056,PROD0118,2,2253.08,16
ITEM00619,ORD00168,PROD0362,4,1723.78,31
ITEM00620,ORD00042,PROD0227,3,3733.31,35
ITEM00621,ORD00497,PROD0235,4,4595.79,46
ITEM00622,ORD00152,PROD0064,-3,4063.97,18
ITEM00623,ORD00185,PROD0428,2,5444.22,17
ITEM00624,ORD00577,PROD0457,5,4408.05,0
ITEM00625,ORD00539,PROD0393,5,546.71,4
ITEM00626,ORD00253,PROD0394,4,4990.18,21
ITEM00627,ORD00027,PROD0146,1,5922.6,37
ITEM00628,ORD00109,PROD0429,3,3364.86,5
ITEM00629,ORD00472,PROD0426,4,6681.37,17
ITEM00630,ORD00609,PROD0337,1,3875.51,2
ITEM00631,ORD00672,PROD0319,4,4751.74,46
ITEM00632,ORD00583,PROD0067,2,7707.07,41
ITEM00633,ORD00290,PROD0166,1,6255.04,35
ITEM00634,ORD00617,PROD0196,1,2198.31,11
ITEM00635,ORD00246,PROD0495,4,3687.37,13
ITEM00636,ORD00167,PROD0199,4,1292.02,48
ITEM00637,ORD00670,PROD0079,1,4594.93,27
ITEM00638,ORD00318,PROD0463,5,2879.94,42
ITEM00639,ORD00099,PROD0427,3,5185.49,31
ITEM00640,ORD00457,PROD0454,4,2459.79,36
ITEM00641,ORD00615,PROD0217,1,3069.23,23
ITEM00642,ORD00629,PROD0096,4,244.27,5
ITEM00643,ORD00042,PROD0263,3,3172.64,43
ITEM00644,ORD00230,PROD0332,2,5364.2,33
ITEM00645,ORD00645,PROD0332,5,4208.71,29
ITEM00646,ORD00448,PROD0041,4,4386.28,8
ITEM00647,ORD00308,PROD0431,2,610.26,18
ITEM00648,ORD00583,PROD0025,5,3406.78,2
ITEM00649,ORD00526,PROD0056,5,3193.65,6
ITEM00650,ORD00476,PROD0339,5,2302.02,22
ITEM00651,ORD00261,PROD0300,1,6159.54,1
ITEM00652,ORD00117,PROD0380,4,3731.18,11
ITEM00653,ORD00403,PROD0024,1,4563.84,45
ITEM00654,ORD00305,PROD0161,5,675.06,48
ITEM00655,ORD00687,PROD0231,5,4059.26,21
ITEM00656,ORD00192,PROD0109,2,3408.06,38
ITEM00657,ORD00266,PROD0447,-1,6357.17,1
ITEM00658,ORD00006,PROD0203,1,5296.57,41
ITEM00659,ORD00489,PROD0236,4,1166.38,47
ITEM00660,ORD00617,PROD0372,4,3551.24,39
ITEM00661,ORD00370,PROD0354,4,7528.0,5
ITEM00662,ORD00129,PROD0070,1,5106.69,1
ITEM00663,ORD00193,PROD0440,1,1658.17,41
ITEM00664,ORD00149,PROD0333,2,1432.16,40
ITEM00665,ORD00552,PROD0098,1,5452.91,29
ITEM00666,ORD00152,PROD0243,4,4582.44,10
ITEM00667,ORD00157,PROD0379,4,3234.75,30
ITEM00668,ORD00021,PROD0441,4,4737.25,12
ITEM00669,ORD00302,PROD0292,4,558.4,0
ITEM00670,ORD00106,PROD0323,4,4710.53,31
ITEM00671,ORD00593,PROD0306,5,224.06,2
ITEM00672,ORD00500,PROD0205,4,5106.73,46
ITEM00673,ORD00627,PROD0479,4,4784.36,3
ITEM00674,ORD00541,PROD0010,4,6910.96,35
ITEM00675,ORD00066,PROD0138,4,3287.04,7
ITEM00676,ORD00507,PROD0319,3,4928.11,27
ITEM00677,ORD00022,PROD0083,3,2153.67,30
ITEM00678,ORD00353,PROD0225,2,904.72,37
ITEM00679,ORD00348,PROD0472,-5,7285.63,45
ITEM00680,ORD00673,PROD0240,2,436.81,46
ITEM00681,ORD00400,PROD0492,4,7416.81,43
ITEM00682,ORD00669,PROD0377,3,3550.46,10
ITEM00683,ORD00637,PROD0107,3,5140.96,5
ITEM00684,ORD00684,PROD0248,2,1785.84,10
ITEM00685,ORD00621,PROD0252,1,2765.57,31
ITEM00686,ORD00311,PROD0121,2,3462.38,1
ITEM00687,ORD00368,PROD0452,3,5335.6,10
ITEM00688,ORD00179,PROD0424,5,5073.67,4
ITEM00689,ORD00346,PROD0221,1,6649.43,7
ITEM00690,ORD00576,PROD0115,4,5166.06,21
ITEM00691,ORD00364,PROD0394,1,5116.65,35
ITEM00692,ORD00274,PROD0459,2,1318.91,32
ITEM00693,ORD00619,PROD0343,1,5014.31,28
ITEM00694,ORD00469,PROD0493,1,241.15,50
ITEM00695,ORD00626,PROD0313,1,5810.86,2
ITEM00696,ORD00520,PROD0054,2,5310.8,13
ITEM00697,ORD00371,PROD0081,3,2920.09,48
ITEM00698,ORD00519,PROD0256,1,5373.0,23
ITEM00699,ORD00343,PROD0420,2,2394.02,12
ITEM00700,ORD00450,PROD0497,4,1008.25,0
ITEM00701,ORD00252,PROD0428,4,4850.98,32
ITEM00702,ORD00176,PROD0044,3,3765.23,48
ITEM00703,ORD00425,PROD0185,2,3223.09,48
ITEM00704,ORD00543,PROD0216,-2,5566.41,27
ITEM00705,ORD00424,PROD0471,4,3855.55,33
ITEM00706,ORD00699,PROD0186,1,5609.67,49
ITEM00707,ORD00011,PROD0368,5,1851.51,5
ITEM00708,ORD00347,PROD0162,4,3747.49,10
ITEM00709,ORD00445,PROD0032,4,7237.74,42
ITEM00710,ORD00657,PROD0078,5,6041.61,40
ITEM00711,ORD00677,PROD0449,-5,4729.82,26
ITEM00712,ORD00412,PROD0454,5,2740.77,46
ITEM00713,ORD00322,PROD0466,3,2559.93,17
ITEM00714,ORD00541,PROD0313,2,5623.46,28
ITEM00715,ORD00660,PROD0106,5,6067.32,39
ITEM00716,ORD00668,PROD0227,3,3638.65,50
ITEM00717,ORD00665,PROD0208,2,2509.27,5
ITEM00718,ORD00038,PROD0276,3,4403.55,46
ITEM00719,ORD00130,PROD0267,5,5915.71,5
ITEM00720,ORD00524,PROD0283,3,4523.9,48
ITEM00721,ORD00651,PROD0082,1,6012.41,50
ITEM00722,ORD00553,PROD0304,3,2371.61,49
ITEM00723,ORD00312,PROD0372,4,4286.85,7
ITEM00724,ORD00062,PROD0431,3,564.64,32
ITEM00725,ORD00363,PROD0064,1,4934.92,7
ITEM00726,ORD00460,PROD0153,5,3387.12,29
ITEM00727,ORD00348,PROD0121,5,3470.91,40
ITEM00728,ORD00682,PROD0274,5,2653.01,19
ITEM00729,ORD00292,PROD0342,5,1134.99,45
ITEM00730,ORD00387,PROD0267,2,5593.79,33
ITEM00731,ORD00597,PROD0099,3,3330.29,9
ITEM00732,ORD00436,PROD0425,4,5822.39,3
ITEM00733,ORD00436,PROD0455,2,4459.62,28
ITEM00734,ORD00080,PROD0190,5,2719.94,35
ITEM00735,ORD00532,PROD0399,4,6804.94,37
ITEM00736,ORD00511,PROD0326,4,3614.59,44
ITEM00737,ORD00502,PROD0375,4,5526.02,9
ITEM00738,ORD00518,PROD0066,4,4639.75,8
ITEM00739,ORD00526,PROD0442,5,2442.55,13
ITEM00740,ORD00467,PROD0243,1,5681.38,35
ITEM00741,ORD00379,PROD0472,1,6809.46,26
ITEM00742,ORD00113,PROD0062,-3,3013.0,2
ITEM00743,ORD00536,PROD0079,1,4696.51,23
ITEM00744,ORD00311,PROD0151,4,1055.32,9
ITEM00745,ORD00146,PROD0402,5,5406.98,19
ITEM00746,ORD00291,PROD0111,2,5113.92,31
ITEM00747,ORD00003,PROD0063,5,5263.37,2
ITEM00748,ORD00428,PROD0247,5,3351.27,28
ITEM00749,ORD00346,PROD0401,4,3925.16,46
ITEM00750,ORD00621,PROD0068,2,5363.42,29
ITEM00751,ORD00461,PROD0342,4,973.21,46
ITEM00752,ORD00334,PROD0046,5,2378.53,26
ITEM00753,ORD00397,PROD0120,4,4987.69,2
ITEM00754,ORD00687,PROD0456,4,2754.82,41
ITEM00755,ORD00091,PROD0444,2,4834.27,36
ITEM00756,ORD00646,PROD0408,3,2447.56,7
ITEM00757,ORD00660,PROD0287,1,5291.33,39
ITEM00758,ORD00555,PROD0296,1,6058.24,33
ITEM00759,ORD00194,PROD0385,4,4827.17,1
ITEM00760,ORD00124,PROD0338,5,6076.59,1
ITEM00761,ORD00282,PROD0403,2,2726.65,45
ITEM00762,ORD00594,PROD0228,1,4152.07,38
ITEM00763,ORD00329,PROD0206,5,4158.45,1
ITEM00764,ORD00349,PROD0224,2,1580.04,33
ITEM00765,ORD00325,PROD0196,3,1999.21,6
ITEM00766,ORD00555,PROD0087,3,5692.81,16
ITEM00767,ORD00092,PROD0079,3,5505.43,43
ITEM00768,ORD00174,PROD0031,5,4845.56,11
ITEM00769,ORD00028,PROD0366,1,6099.0,6
ITEM00770,ORD00328,PROD0073,4,758.27,16
ITEM00771,ORD00385,PROD0483,1,5762.65,15
ITEM00772,ORD00612,PROD0301,2,3550.96,48
ITEM00773,ORD00517,PROD0198,1,3389.06,20
ITEM00774,ORD00476,PROD0284,4,3814.29,1
ITEM00775,ORD00418,PROD0325,2,7430.16,1
ITEM00776,ORD00276,PROD0284,5,4572.85,15
ITEM00777,ORD00569,PROD0334,2,2065.58,26
ITEM00778,ORD00457,PROD0043,5,4054.94,9
ITEM00779,ORD00383,PROD0277,2,3986.34,34
ITEM00780,ORD00434,PROD0493,5,209.42,0
ITEM00781,ORD00476,PROD0493,5,199.57,10
ITEM00782,ORD00001,PROD0031,4,4004.17,16
ITEM00783,ORD00697,PROD0195,3,7441.59,13
ITEM00784,ORD00600,PROD0431,5,568.38,10
ITEM00785,ORD00547,PROD0289,1,5093.68,25
ITEM00786,ORD00126,PROD0426,2,7205.62,17
ITEM00787,ORD00443,PROD0108,5,6669.98,20
ITEM00788,ORD00699,PROD0485,3,1137.05,48
ITEM00789,ORD00464,PROD0140,2,4294.83,20
ITEM00790,ORD00350,PROD0108,4,7534.31,21
ITEM00791,ORD00017,PROD0468,2,5043.83,0
ITEM00792,ORD00624,PROD0244,1,6748.69,43
ITEM00793,ORD00178,PROD0212,5,5051.04,45
ITEM00794,ORD00501,PROD0391,4,6642.22,50
ITEM00795,ORD00665,PROD0334,1,2211.87,42
ITEM00796,ORD00456,PROD0345,1,3238.7,24
ITEM00797,ORD00616,PROD0184,4,4186.26,49
ITEM00798,ORD00009,PROD0064,4,4427.73,12
ITEM00799,ORD00456,PROD0005,2,2797.36,48
ITEM00800,ORD00288,PROD0349,3,1580.28,39
ITEM00801,ORD00641,PROD0156,2,2635.0,31
ITEM00802,ORD00372,PROD0019,3,1951.48,45
ITEM00803,ORD00621,PROD0108,1,6082.43,40
ITEM00804,ORD00406,PROD0057,3,4142.74,31
ITEM00805,ORD00175,PROD0283,2,4701.84,36
ITEM00806,ORD00689,PROD0350,5,6307.45,4
ITEM00807,ORD00603,PROD0066,1,3909.98,36
ITEM00808,ORD00234,PROD0452,5,5926.62,17
ITEM00809,ORD00197,PROD0435,1,5810.27,44
ITEM00810,ORD00695,PROD0273,5,4031.74,35
ITEM00811,ORD00465,PROD0002,4,5447.06,41
ITEM00812,ORD00054,PROD0438,3,3679.18,26
ITEM00813,ORD00281,PROD0063,5,5448.74,23
ITEM00814,ORD00530,PROD0389,1,4299.8,14
ITEM00815,ORD00049,PROD0143,4,5730.11,20
ITEM00816,ORD00006,PROD0201,-2,2066.69,36
ITEM00817,ORD00026,PROD0378,2,5404.74,27
ITEM00818,ORD00077,PROD0470,2,1175.58,21
ITEM00819,ORD00319,PROD0033,1,3540.93,27
ITEM00820,ORD00025,PROD0304,3,2810.01,15
ITEM00821,ORD00111,PROD0243,2,6003.33,3
ITEM00822,ORD00342,PROD0267,2,7103.95,49
ITEM00823,ORD00615,PROD0318,4,6366.97,40
ITEM00824,ORD00458,PROD0297,1,2944.49,3
ITEM00825,ORD00035,PROD0194,3,4598.73,44
ITEM00826,ORD00067,PROD0401,2,3458.43,28
ITEM00827,ORD00057,PROD0155,5,3603.7,4
ITEM00828,ORD00105,PROD0347,1,3473.12,18
ITEM00829,ORD00391,PROD0206,1,4940.05,26
ITEM00830,ORD00239,PROD0443,5,5369.03,39
ITEM00831,ORD00011,PROD0233,4,6799.67,27
ITEM00832,ORD00636,PROD0318,1,5648.96,43
ITEM00833,ORD00027,PROD0233,-5,6532.7,12
ITEM00834,ORD00111,PROD0053,1,6727.03,4
ITEM00835,ORD00608,PROD0405,2,2457.58,8
ITEM00836,ORD00653,PROD0261,3,2751.92,30
ITEM00837,ORD00636,PROD0228,2,3537.19,2
ITEM00838,ORD00062,PROD0066,3,4481.44,32
ITEM00839,ORD00668,PROD0387,3,4856.19,34
ITEM00840,ORD00150,PROD0076,-4,193.29,21
ITEM00841,ORD00299,PROD0189,1,4345.11,42
ITEM00842,ORD00695,PROD0075,1,4177.18,35
ITEM00843,ORD00056,PROD0217,3,2610.8,12
ITEM00844,ORD00656,PROD0466,2,3221.52,21
ITEM00845,ORD00194,PROD0342,4,1141.89,29
ITEM00846,ORD00615,PROD0355,3,2213.98,36
ITEM00847,ORD00344,PROD0316,3,1134.75,10
ITEM00848,ORD00108,PROD0233,1,6861.94,0
ITEM00849,ORD00655,PROD0115,2,5497.03,13
ITEM00850,ORD00245,PROD0247,3,3855.09,24
ITEM00851,ORD00211,PROD0205,2,5561.29,0
ITEM00852,ORD00372,PROD0006,1,1939.69,35
ITEM00853,ORD00118,PROD0073,3,670.11,40
ITEM00854,ORD00600,PROD0468,3,4210.39,1
ITEM00855,ORD00204,PROD0102,3,6013.97,16
ITEM00856,ORD00179,PROD0174,5,1256.86,12
ITEM00857,ORD00023,PROD0091,3,4225.35,1
ITEM00858,ORD00694,PROD0071,4,3231.45,7
ITEM00859,ORD00347,PROD0480,2,2243.27,15
ITEM00860,ORD00379,PROD0415,3,2992.43,33
ITEM00861,ORD00639,PROD0452,4,6164.22,4
ITEM00862,ORD00122,PROD0074,2,1943.09,12
ITEM00863,ORD00546,PROD0194,3,3922.38,27
ITEM00864,ORD00652,PROD0126,1,692.56,37
ITEM00865,ORD00194,PROD0438,5,3530.88,9
ITEM00866,ORD00336,PROD0127,1,1200.39,17
ITEM00867,ORD00130,PROD0436,5,6429.13,31
ITEM00868,ORD00215,PROD0373,1,609.5,50
ITEM00869,ORD00680,PROD0315,1,4556.8,24
ITEM00870,ORD00661,PROD0385,5,4650.25,33
ITEM00871,ORD00476,PROD0092,3,6799.55,33
ITEM00872,ORD00495,PROD0367,4,4487.66,37
ITEM00873,ORD00411,PROD0327,5,5085.47,13
ITEM00874,ORD00225,PROD0459,2,1181.55,15
ITEM00875,ORD00406,PROD0112,3,1772.09,24
ITEM00876,ORD00586,PROD0081,3,2562.86,5
ITEM00877,ORD00138,PROD0385,1,4541.08,33
ITEM00878,ORD00361,PROD0118,5,2257.0,32
ITEM00879,ORD00637,PROD0173,4,1311.64,27
ITEM00880,ORD00419,PROD0189,4,4097.25,24
ITEM00881,ORD00026,PROD0092,4,5922.8,41
ITEM00882,ORD00078,PROD0184,1,4340.86,32
ITEM00883,ORD00526,PROD0280,1,1286.86,14
ITEM00884,ORD00101,PROD0061,1,791.12,34
ITEM00885,ORD00206,PROD0171,2,1543.74,16
ITEM00886,ORD00310,PROD0382,3,326.08,38
ITEM00887,ORD00142,PROD0438,5,4193.5,0
ITEM00888,ORD00307,PROD0145,3,6984.46,25
ITEM00889,ORD00416,PROD0421,5,5609.86,0
ITEM00890,ORD00484,PROD0335,5,5556.55,9
ITEM00891,ORD00408,PROD0117,2,4973.16,13
ITEM00892,ORD00486,PROD0120,5,5358.15,35
ITEM00893,ORD00480,PROD0370,4,5092.53,5
ITEM00894,ORD00321,PROD0434,2,3844.43,44
ITEM00895,ORD00428,PROD0108,4,6565.6,35
ITEM00896,ORD00031,PROD0192,2,805.77,8
ITEM00897,ORD00313,PROD0483,1,6608.43,42
ITEM00898,ORD00364,PROD0174,2,1323.92,43
ITEM00899,ORD00414,PROD0391,5,6194.49,37
ITEM00900,ORD00024,PROD0291,1,3869.48,9
ITEM00901,ORD00339,PROD0291,-5,3861.2,36
ITEM00902,ORD00401,PROD0196,2,2553.94,4
ITEM00903,ORD00548,PROD0198,-2,3602.08,21
ITEM00904,ORD00584,PROD0493,4,220.79,19
ITEM00905,ORD00096,PROD0088,1,387.32,11
ITEM00906,ORD00033,PROD0424,-5,5837.82,11
ITEM00907,ORD00204,PROD0036,4,2370.93,14
ITEM00908,ORD00299,PROD0338,5,5866.83,3
ITEM00909,ORD00378,PROD0266,1,970.67,26
ITEM00910,ORD00401,PROD0081,1,2464.12,26
ITEM00911,ORD00490,PROD0381,1,4787.82,13
ITEM00912,ORD00134,PROD0446,2,5979.06,45
ITEM00913,ORD00681,PROD0244,2,6233.67,19
ITEM00914,ORD00602,PROD0104,5,2851.45,29
ITEM00915,ORD00283,PROD0104,1,3061.9,28
ITEM00916,ORD00066,PROD0423,4,1530.39,15
ITEM00917,ORD00539,PROD0169,5,5825.75,29
ITEM00918,ORD00474,PROD0295,1,5527.57,18
ITEM00919,ORD00662,PROD0452,4,5319.29,45
ITEM00920,ORD00305,PROD0201,5,2369.58,11
ITEM00921,ORD00426,PROD0128,2,4995.2,46
ITEM00922,ORD00443,PROD0235,4,5774.6,11
ITEM00923,ORD00583,PROD0049,4,3836.93,2
ITEM00924,ORD00246,PROD0454,2,2316.39,40
ITEM00925,ORD00551,PROD0150,1,5778.55,46
ITEM00926,ORD00223,PROD0466,4,2903.23,48
ITEM00927,ORD00567,PROD0063,3,4835.66,6
ITEM00928,ORD00517,PROD0393,3,586.17,10
ITEM00929,ORD00259,PROD0107,5,4241.03,1
ITEM00930,ORD00075,PROD0328,4,6235.59,47
ITEM00931,ORD00409,PROD0439,2,661.93,0
ITEM00932,ORD00257,PROD0059,2,2650.76,47
ITEM00933,ORD00476,PROD0249,4,597.37,35
ITEM00934,ORD00673,PROD0125,4,4348.48,17
ITEM00935,ORD00166,PROD0088,1,380.16,11
ITEM00936,ORD00302,PROD0064,5,4915.06,10
ITEM00937,ORD00080,PROD0344,1,525.44,9
ITEM00938,ORD00452,PROD0184,2,4238.29,2
ITEM00939,ORD00692,PROD0273,2,4266.16,3
ITEM00940,ORD00651,PROD0416,5,5680.01,45
ITEM00941,ORD00676,PROD0460,1,2240.14,19
ITEM00942,ORD00455,PROD0027,5,4530.9,49
ITEM00943,ORD00387,PROD0393,2,675.33,23
ITEM00944,ORD00245,PROD0103,1,695.18,1
ITEM00945,ORD00015,PROD0173,-2,1398.61,4
ITEM00946,ORD00226,PROD0491,1,1389.77,42
ITEM00947,ORD00172,PROD0371,2,5331.11,32
ITEM00948,ORD00111,PROD0418,3,3472.6,40
ITEM00949,ORD00195,PROD0320,2,2997.88,25
ITEM00950,ORD00439,PROD0062,2,2711.02,22
ITEM00951,ORD00332,PROD0089,1,737.11,20
ITEM00952,ORD00013,PROD0200,2,1440.0,4
ITEM00953,ORD00674,PROD0418,3,3814.63,23
ITEM00954,ORD00045,PROD0035,2,4380.46,49
ITEM00955,ORD00614,PROD0256,1,6323.9,50
ITEM00956,ORD00583,PROD0088,3,417.27,38
ITEM00957,ORD00333,PROD0324,4,1212.38,49
ITEM00958,ORD00137,PROD0171,2,1527.04,44
ITEM00959,ORD00326,PROD0436,4,4969.64,1
ITEM00960,ORD00624,PROD0467,5,6257.04,32
ITEM00961,ORD00656,PROD0380,2,4111.24,45
ITEM00962,ORD00014,PROD0120,1,5401.99,7
ITEM00963,ORD00317,PROD0122,4,3478.95,39
ITEM00964,ORD00082,PROD0031,2,4127.99,18
ITEM00965,ORD00207,PROD0078,4,6331.21,2
ITEM00966,ORD00244,PROD0473,5,1688.26,28
ITEM00967,ORD00337,PROD0069,3,4645.36,50
ITEM00968,ORD00041,PROD0267,4,6571.63,18
ITEM00969,ORD00025,PROD0118,-3,2480.83,13
ITEM00970,ORD00553,PROD0028,2,3644.25,44
ITEM00971,ORD00228,PROD0312,4,5627.31,11
ITEM00972,ORD00453,PROD0323,1,3627.6,31
ITEM00973,ORD00072,PROD0489,2,4852.28,9
ITEM00974,ORD00210,PROD0065,1,6062.08,35
ITEM00975,ORD00210,PROD0121,5,2996.42,46
ITEM00976,ORD00479,PROD0160,2,4033.77,15
ITEM00977,ORD00435,PROD0091,5,3510.42,18
ITEM00978,ORD00591,PROD0230,2,1673.57,50
ITEM00979,ORD00493,PROD0041,3,4516.32,10
ITEM00980,ORD00483,PROD0226,4,977.36,47
ITEM00981,ORD00444,PROD0390,2,3601.21,50
ITEM00982,ORD00494,PROD0011,4,5659.83,5
ITEM00983,ORD00308,PROD0305,5,3818.47,46
ITEM00984,ORD00180,PROD0132,4,2845.43,29
ITEM00985,ORD00291,PROD0193,5,5259.45,4
ITEM00986,ORD00342,PROD0070,-4,5114.55,12
ITEM00987,ORD00005,PROD0007,5,5248.4,23
ITEM00988,ORD00504,PROD0208,4,2547.61,47
ITEM00989,ORD00383,PROD0197,4,5404.45,37
ITEM00990,ORD00073,PROD0210,1,6248.71,7
ITEM00991,ORD00395,PROD0478,5,1227.53,48
ITEM00992,ORD00447,PROD0491,-3,1380.38,48
ITEM00993,ORD00357,PROD0261,4,2981.22,23
ITEM00994,ORD00060,PROD0334,4,2454.31,47
ITEM00995,ORD00253,PROD0125,4,4202.04,23
ITEM00996,ORD00647,PROD0362,1,1854.73,41
ITEM00997,ORD00152,PROD0134,5,4789.86,43
ITEM00998,ORD00151,PROD0131,2,6414.2,42
ITEM00999,ORD00166,PROD0007,1,5305.53,41
ITEM01000,ORD00394,PROD0204,5,1360.49,5
ITEM01001,ORD00531,PROD0466,2,3298.74,10
ITEM01002,ORD00438,PROD0130,3,5991.26,34
ITEM01003,ORD00675,PROD0454,4,2537.37,46
ITEM01004,ORD00422,PROD0386,1,847.34,36
ITEM01005,ORD00353,PROD0417,2,4287.3,13
ITEM01006,ORD00408,PROD0358,3,1154.38,10
ITEM01007,ORD00504,PROD0001,1,848.76,44
ITEM01008,ORD00428,PROD0269,4,2226.01,46
ITEM01009,ORD00442,PROD0088,-2,355.67,45
ITEM01010,ORD00138,PROD0102,4,6028.82,7
ITEM01011,ORD00462,PROD0291,2,3142.86,3
ITEM01012,ORD00188,PROD0415,2,2664.19,26
ITEM01013,ORD00452,PROD0321,5,1999.36,40
ITEM01014,ORD00171,PROD0041,3,4100.95,7
ITEM01015,ORD00284,PROD0033,3,3543.03,15
ITEM01016,ORD00490,PROD0249,1,585.94,17
ITEM01017,ORD00008,PROD0341,5,6300.63,2
ITEM01018,ORD00100,PROD0109,5,4198.08,24
ITEM01019,ORD00618,PROD0267,3,7083.38,30
ITEM01020,ORD00346,PROD0310,4,3431.11,43
ITEM01021,ORD00352,PROD0162,2,3708.95,42
ITEM01022,ORD00409,PROD0194,5,3614.17,22
ITEM01023,ORD00339,PROD0413,1,1366.84,44
ITEM01024,ORD00412,PROD0372,2,3253.27,7
ITEM01025,ORD00544,PROD0144,2,325.89,39
ITEM01026,ORD00675,PROD0446,4,6349.68,42
ITEM01027,ORD00193,PROD0002,3,4513.02,23
ITEM01028,ORD00047,PROD0497,3,983.83,14
ITEM01029,ORD00622,PROD0249,4,728.01,50
ITEM01030,ORD00084,PROD0179,4,2874.78,30
ITEM01031,ORD00675,PROD0439,1,727.72,18
ITEM01032,ORD00622,PROD0100,2,5067.19,36
ITEM01033,ORD00517,PROD0017,2,6927.5,5
ITEM01034,ORD00309,PROD0427,5,5886.06,29
ITEM01035,ORD00173,PROD0459,4,1353.7,30
ITEM01036,ORD00679,PROD0277,2,3418.58,10
ITEM01037,ORD00676,PROD0359,1,2120.22,45
ITEM01038,ORD00030,PROD0083,3,2255.65,49
ITEM01039,ORD00288,PROD0113,3,639.62,42
ITEM01040,ORD00127,PROD0341,2,6522.66,40
ITEM01041,ORD00504,PROD0047,3,862.25,36
ITEM01042,ORD00616,PROD0034,3,4447.39,45
ITEM01043,ORD00391,PROD0335,5,5524.48,27
ITEM01044,ORD00239,PROD0115,3,4940.67,5
ITEM01045,ORD00115,PROD0046,3,2427.91,12
ITEM01046,ORD00119,PROD0294,3,3843.77,20
ITEM01047,ORD00390,PROD0296,1,5068.52,37
ITEM01048,ORD00549,PROD0098,4,6574.46,20
ITEM01049,ORD00374,PROD0409,2,778.67,38
ITEM01050,ORD00605,PROD0114,1,5546.53,34
ITEM01051,ORD00472,PROD0162,2,3591.45,18
ITEM01052,ORD00225,PROD0256,4,5361.3,18
ITEM01053,ORD00150,PROD0383,1,5545.96,19
ITEM01054,ORD00515,PROD0353,1,3998.38,45
ITEM01055,ORD00588,PROD0245,2,2011.4,45
ITEM01056,ORD00386,PROD0031,3,3856.64,45
ITEM01057,ORD00216,PROD0435,2,5385.93,3
ITEM01058,ORD00184,PROD0439,4,726.38,19
ITEM01059,ORD00676,PROD0468,2,5520.52,35
ITEM01060,ORD00402,PROD0173,4,1397.82,22
ITEM01061,ORD00401,PROD0201,1,2186.39,18
ITEM01062,ORD00290,PROD0357,2,250.21,35
ITEM01063,ORD00404,PROD0050,2,6518.15,50
ITEM01064,ORD00595,PROD0444,1,5020.23,45
ITEM01065,ORD00312,PROD0235,2,5281.9,28
ITEM01066,ORD00495,PROD0150,2,5015.57,47
ITEM01067,ORD00201,PROD0377,1,3144.77,36
ITEM01068,ORD00105,PROD0348,2,2023.96,27
ITEM01069,ORD00696,PROD0431,2,680.04,6
ITEM01070,ORD00365,PROD0499,4,2297.82,3
ITEM01071,ORD00121,PROD0264,3,5102.32,9
ITEM01072,ORD00643,PROD0370,4,4946.71,7
ITEM01073,ORD00247,PROD0204,4,1130.63,38
ITEM01074,ORD00177,PROD0335,4,5259.28,50
ITEM01075,ORD00687,PROD0338,1,7219.36,41
ITEM01076,ORD00392,PROD0141,4,1614.7,7
ITEM01077,ORD00120,PROD0043,1,4416.65,42
ITEM01078,ORD00522,PROD0116,1,7086.01,36
ITEM01079,ORD00492,PROD0141,1,1819.46,11
ITEM01080,ORD00394,PROD0248,4,1856.23,8
ITEM01081,ORD00102,PROD0167,1,6295.54,50
ITEM01082,ORD00551,PROD0095,4,7381.13,1
ITEM01083,ORD00404,PROD0285,5,4539.96,33
ITEM01084,ORD00501,PROD0033,5,4487.32,34
ITEM01085,ORD00668,PROD0064,2,5209.64,7
ITEM01086,ORD00186,PROD0442,5,2894.67,0
ITEM01087,ORD00569,PROD0229,3,1907.84,8
ITEM01088,ORD00589,PROD0106,2,5169.14,16
ITEM01089,ORD00036,PROD0044,-1,3914.52,23
ITEM01090,ORD00558,PROD0088,4,419.17,42
ITEM01091,ORD00001,PROD0128,3,3901.63,33
ITEM01092,ORD00301,PROD0338,5,6583.35,36
ITEM01093,ORD00503,PROD0356,-3,5188.86,22
ITEM01094,ORD00621,PROD0276,5,4169.53,6
ITEM01095,ORD00679,PROD0420,1,2481.5,12
ITEM01096,ORD00146,PROD0154,2,2835.65,38
ITEM01097,ORD00566,PROD0111,5,4497.88,8
ITEM01098,ORD00638,PROD0217,1,2900.4,16
ITEM01099,ORD00391,PROD0333,2,1417.27,5
ITEM01100,ORD00261,PROD0347,-4,3844.85,9
ITEM01101,ORD00549,PROD0105,1,5314.18,17
ITEM01102,ORD00649,PROD0357,2,251.11,36
ITEM01103,ORD00674,PROD0332,5,4919.68,26
ITEM01104,ORD00158,PROD0162,4,3179.99,38
ITEM01105,ORD00254,PROD0040,-3,834.92,7
ITEM01106,ORD00562,PROD0209,1,4559.49,5
ITEM01107,ORD00372,PROD0466,3,3215.4,9
ITEM01108,ORD00232,PROD0141,1,1485.53,14
ITEM01109,ORD00388,PROD0488,1,4113.19,7
ITEM01110,ORD00180,PROD0270,3,5726.49,31
ITEM01111,ORD00098,PROD0271,3,5892.78,18
ITEM01112,ORD00565,PROD0139,5,6006.18,3
ITEM01113,ORD00175,PROD0163,4,2803.43,47
ITEM01114,ORD00695,PROD0496,5,3502.77,25
ITEM01115,ORD00489,PROD0304,2,2384.58,43
ITEM01116,ORD00526,PROD0366,2,6763.89,9
ITEM01117,ORD00388,PROD0291,3,3011.87,46
ITEM01118,ORD00655,PROD0499,3,2679.29,15
ITEM01119,ORD00695,PROD0312,4,5923.45,11
ITEM01120,ORD00450,PROD0182,4,3620.79,17
ITEM01121,ORD00439,PROD0267,2,5954.0,5
ITEM01122,ORD00313,PROD0209,3,5265.99,40
ITEM01123,ORD00082,PROD0040,2,1054.1,10
ITEM01124,ORD00590,PROD0030,1,4537.58,35
ITEM01125,ORD00505,PROD0414,1,5958.64,27
ITEM01126,ORD00694,PROD0261,2,2853.83,32
ITEM01127,ORD00694,PROD0455,5,4743.94,25
ITEM01128,ORD00015,PROD0316,2,1298.12,47
ITEM01129,ORD00008,PROD0366,4,6847.16,47
ITEM01130,ORD00354,PROD0126,5,678.02,2
ITEM01131,ORD00622,PROD0230,2,1879.53,48
ITEM01132,ORD00537,PROD0463,2,2919.98,23
ITEM01133,ORD00137,PROD0264,3,5612.19,27
ITEM01134,ORD00508,PROD0195,2,6532.98,7
ITEM01135,ORD00347,PROD0468,2,5300.12,49
ITEM01136,ORD00121,PROD0149,-3,1213.95,16
ITEM01137,ORD00219,PROD0002,-5,5077.02,19
ITEM01138,ORD00659,PROD0264,1,5587.96,39
ITEM01139,ORD00500,PROD0030,3,3643.6,29
ITEM01140,ORD00337,PROD0153,3,2816.36,22
ITEM01141,ORD00191,PROD0206,3,4109.12,27
ITEM01142,ORD00504,PROD0102,1,6686.48,9
ITEM01143,ORD00421,PROD0064,4,3950.12,49
ITEM01144,ORD00673,PROD0129,2,3225.26,23
ITEM01145,ORD00307,PROD0187,-4,4004.74,34
ITEM01146,ORD00276,PROD0056,4,3409.39,28
ITEM01147,ORD00166,PROD0072,3,4306.23,0
ITEM01148,ORD00368,PROD0453,2,451.81,18
ITEM01149,ORD00042,PROD0069,4,4790.31,21
ITEM01150,ORD00033,PROD0083,2,2282.08,42
ITEM01151,ORD00273,PROD0061,4,821.45,31
ITEM01152,ORD00699,PROD0366,2,6148.67,48
ITEM01153,ORD00410,PROD0257,4,537.9,6
ITEM01154,ORD00022,PROD0065,2,6387.64,0
ITEM01155,ORD00243,PROD0027,3,5171.78,38
ITEM01156,ORD00009,PROD0223,4,165.43,31
ITEM01157,ORD00085,PROD0390,4,3062.05,9
ITEM01158,ORD00524,PROD0096,2,220.76,7
ITEM01159,ORD00270,PROD0359,2,2503.14,27
ITEM01160,ORD00204,PROD0243,1,5612.61,32
ITEM01161,ORD00626,PROD0093,2,6970.92,37
ITEM01162,ORD00645,PROD0325,2,6130.93,8
ITEM01163,ORD00411,PROD0020,3,1519.05,9
ITEM01164,ORD00437,PROD0010,5,6182.91,3
ITEM01165,ORD00390,PROD0209,-5,4528.11,40
ITEM01166,ORD00237,PROD0114,3,5596.78,3
ITEM01167,ORD00523,PROD0219,1,2196.11,17
ITEM01168,ORD00373,PROD0144,3,359.09,15
ITEM01169,ORD00328,PROD0459,1,1089.02,0
ITEM01170,ORD00054,PROD0339,3,1939.25,30
ITEM01171,ORD00287,PROD0466,5,2638.96,11
ITEM01172,ORD00259,PROD0486,4,4476.86,19
ITEM01173,ORD00115,PROD0050,1,7223.32,49
ITEM01174,ORD00134,PROD0170,3,709.74,23
ITEM01175,ORD00604,PROD0271,5,5369.09,41
ITEM01176,ORD00283,PROD0108,5,6440.14,6
ITEM01177,ORD00134,PROD0323,5,3693.58,37
ITEM01178,ORD00671,PROD0419,2,5151.85,28
ITEM01179,ORD00102,PROD0039,5,3370.96,19
ITEM01180,ORD00486,PROD0390,2,3331.52,9
ITEM01181,ORD00045,PROD0066,2,4273.52,45
ITEM01182,ORD00259,PROD0457,5,5454.67,23
ITEM01183,ORD00460,PROD0323,1,4629.29,4
ITEM01184,ORD00495,PROD0215,5,6560.81,32
ITEM01185,ORD00023,PROD0086,5,4480.41,8
ITEM01186,ORD00297,PROD0024,5,4088.98,44
ITEM01187,ORD00195,PROD0380,4,4101.38,34
ITEM01188,ORD00526,PROD0498,1,2255.15,48
ITEM01189,ORD00522,PROD0197,5,6174.9,25
ITEM01190,ORD00622,PROD0140,2,3734.02,10
ITEM01191,ORD00586,PROD0112,5,1912.67,50
ITEM01192,ORD00526,PROD0234,5,2743.38,33
ITEM01193,ORD00266,PROD0156,2,2685.6,17
ITEM01194,ORD00566,PROD0061,2,759.03,34
ITEM01195,ORD00244,PROD0150,1,5687.25,17
ITEM01196,ORD00137,PROD0139,1,7059.22,15
ITEM01197,ORD00216,PROD0274,1,2462.32,22
ITEM01198,ORD00648,PROD0310,3,3418.78,45
ITEM01199,ORD00563,PROD0136,2,5110.46,39
ITEM01200,ORD00302,PROD0167,1,6146.68,0
ITEM01201,ORD00365,PROD0113,3,554.26,1
ITEM01202,ORD00551,PROD0337,5,3615.95,47
ITEM01203,ORD00392,PROD0485,3,1210.51,40
ITEM01204,ORD00619,PROD0283,2,4903.55,14
ITEM01205,ORD00333,PROD0138,2,3027.16,48
ITEM01206,ORD00405,PROD0080,4,6459.48,46
ITEM01207,ORD00445,PROD0189,2,4820.04,5
ITEM01208,ORD00508,PROD0093,4,5561.0,11
ITEM01209,ORD00194,PROD0292,4,721.74,11
ITEM01210,ORD00664,PROD0145,1,6111.26,11
ITEM01211,ORD00404,PROD0352,5,5605.56,9
ITEM01212,ORD00074,PROD0219,2,2296.29,41
ITEM01213,ORD00413,PROD0052,5,5438.47,48
ITEM01214,ORD00013,PROD0309,1,1423.86,1
ITEM01215,ORD00113,PROD0424,1,6297.72,41
ITEM01216,ORD00045,PROD0068,2,5769.5,17
ITEM01217,ORD00147,PROD0481,5,793.21,0
ITEM01218,ORD00109,PROD0278,3,5951.88,5
ITEM01219,ORD00208,PROD0072,4,4320.69,28
ITEM01220,ORD00168,PROD0158,3,2112.8,15
ITEM01221,ORD00058,PROD0279,3,6620.15,7
ITEM01222,ORD00022,PROD0423,1,1317.26,18
ITEM01223,ORD00106,PROD0262,4,285.25,14
ITEM01224,ORD00025,PROD0117,4,4521.76,22
ITEM01225,ORD00672,PROD0147,2,5852.34,43
ITEM01226,ORD00394,PROD0352,1,6140.07,7
ITEM01227,ORD00230,PROD0053,3,6281.95,39
ITEM01228,ORD00342,PROD0061,3,923.69,5
ITEM01229,ORD00045,PROD0310,2,3268.13,33
ITEM01230,ORD00343,PROD0308,2,473.45,9
ITEM01231,ORD00684,PROD0352,3,6373.83,18
ITEM01232,ORD00357,PROD0449,1,3894.54,31
ITEM01233,ORD00678,PROD0189,3,4707.08,45
ITEM01234,ORD00079,PROD0404,1,5864.62,9
ITEM01235,ORD00672,PROD0076,3,183.89,28
ITEM01236,ORD00490,PROD0418,1,3253.63,27
ITEM01237,ORD00286,PROD0075,1,4287.71,8
ITEM01238,ORD00187,PROD0393,4,576.29,31
ITEM01239,ORD00435,PROD0247,4,3646.98,40
ITEM01240,ORD00342,PROD0071,2,2991.24,35
ITEM01241,ORD00510,PROD0276,5,4536.83,34
ITEM01242,ORD00236,PROD0197,1,5850.74,26
ITEM01243,ORD00540,PROD0296,2,5669.08,15
ITEM01244,ORD00371,PROD0002,2,5975.07,1
ITEM01245,ORD00372,PROD0286,4,5748.2,7
ITEM01246,ORD00062,PROD0467,3,6097.3,49
ITEM01247,ORD00143,PROD0151,4,1095.81,35
ITEM01248,ORD00432,PROD0125,2,5300.58,3
ITEM01249,ORD00142,PROD0061,2,795.18,1
ITEM01250,ORD00435,PROD0191,1,5873.7,42
ITEM01251,ORD00596,PROD0038,4,2321.3,10
ITEM01252,ORD00031,PROD0076,3,183.51,15
ITEM01253,ORD00079,PROD0007,5,5390.08,26
ITEM01254,ORD00154,PROD0392,2,4320.72,8
ITEM01255,ORD00541,PROD0358,3,1332.45,46
ITEM01256,ORD00346,PROD0228,1,3584.76,9
ITEM01257,ORD00062,PROD0452,1,5728.39,11
ITEM01258,ORD00516,PROD0083,1,1963.05,27
ITEM01259,ORD00697,PROD0486,4,4730.51,16
ITEM01260,ORD00586,PROD0257,3,637.18,27
ITEM01261,ORD00161,PROD0140,1,4129.73,8
ITEM01262,ORD00217,PROD0206,5,4173.49,25
ITEM01263,ORD00189,PROD0422,5,6749.18,4
ITEM01264,ORD00480,PROD0245,3,2102.14,25
ITEM01265,ORD00390,PROD0085,1,1784.71,41
ITEM01266,ORD00435,PROD0100,3,4070.14,4
ITEM01267,ORD00372,PROD0309,3,1276.4,18
ITEM01268,ORD00167,PROD0278,1,4735.46,38
ITEM01269,ORD00012,PROD0388,3,6241.09,12
ITEM01270,ORD00654,PROD0476,1,2864.48,5
ITEM01271,ORD00584,PROD0290,1,354.09,50
ITEM01272,ORD00496,PROD0024,1,4428.01,19
ITEM01273,ORD00009,PROD0183,3,7562.35,32
ITEM01274,ORD00200,PROD0162,4,3506.32,8
ITEM01275,ORD00691,PROD0050,3,6682.64,47
ITEM01276,ORD00516,PROD0052,5,6600.26,9
ITEM01277,ORD00025,PROD0301,4,3534.67,2
ITEM01278,ORD00298,PROD0083,2,2128.34,5
ITEM01279,ORD00641,PROD0048,2,5086.67,43
ITEM01280,ORD00670,PROD0073,2,777.82,32
ITEM01281,ORD00529,PROD0374,5,1323.6,49
ITEM01282,ORD00350,PROD0230,2,1707.92,23
ITEM01283,ORD00639,PROD0439,-4,592.43,45
ITEM01284,ORD00700,PROD0199,2,1262.08,39
ITEM01285,ORD00622,PROD0039,2,3322.43,31
ITEM01286,ORD00100,PROD0413,1,1430.35,19
ITEM01287,ORD00561,PROD0445,1,6276.32,29
ITEM01288,ORD00322,PROD0087,3,5724.39,17
ITEM01289,ORD00591,PROD0187,3,3178.56,11
ITEM01290,ORD00472,PROD0133,4,2596.15,48
ITEM01291,ORD00453,PROD0333,2,1642.26,36
ITEM01292,ORD00500,PROD0021,3,3244.25,25
ITEM01293,ORD00419,PROD0439,5,763.36,8
ITEM01294,ORD00452,PROD0188,5,5486.35,20
ITEM01295,ORD00383,PROD0043,4,4437.82,16
ITEM01296,ORD00699,PROD0022,5,1963.63,3
ITEM01297,ORD00251,PROD0359,5,2053.63,6
ITEM01298,ORD00298,PROD0193,-2,5207.1,4
ITEM01299,ORD00229,PROD0199,4,1443.14,22
ITEM01300,ORD00478,PROD0240,5,438.72,29
ITEM01301,ORD00112,PROD0044,2,4166.43,25
ITEM01302,ORD00444,PROD0103,4,767.26,20
ITEM01303,ORD00351,PROD0310,4,3303.68,47
ITEM01304,ORD00488,PROD0059,3,2752.32,34
ITEM01305,ORD00160,PROD0486,4,4186.62,13
ITEM01306,ORD00328,PROD0291,1,3934.26,49
ITEM01307,ORD00390,PROD0032,3,7296.2,30
ITEM01308,ORD00219,PROD0028,2,3708.07,48
ITEM01309,ORD00434,PROD0139,3,7046.18,5
ITEM01310,ORD00146,PROD0036,3,2458.47,19
ITEM01311,ORD00463,PROD0447,4,6525.6,42
ITEM01312,ORD00266,PROD0095,1,5986.5,27
ITEM01313,ORD00351,PROD0494,3,2891.51,22
ITEM01314,ORD00430,PROD0247,4,3579.91,50
ITEM01315,ORD00165,PROD0495,4,4004.28,44
ITEM01316,ORD00585,PROD0200,1,1482.52,38
ITEM01317,ORD00204,PROD0040,5,966.36,20
ITEM01318,ORD00681,PROD0422,3,5642.94,29
ITEM01319,ORD00152,PROD0256,3,5303.69,43
ITEM01320,ORD00417,PROD0135,5,6217.23,28
ITEM01321,ORD00129,PROD0325,4,6908.42,37
ITEM01322,ORD00100,PROD0019,2,2092.76,12
ITEM01323,ORD00431,PROD0357,5,255.16,38
ITEM01324,ORD00387,PROD0111,3,4297.96,12
ITEM01325,ORD00696,PROD0296,1,5159.54,23
ITEM01326,ORD00017,PROD0155,3,3480.37,7
ITEM01327,ORD00512,PROD0333,4,1423.1,22
ITEM01328,ORD00361,PROD0425,5,6472.09,48
ITEM01329,ORD00344,PROD0059,2,2755.7,23
ITEM01330,ORD00182,PROD0284,5,3935.23,27
ITEM01331,ORD00391,PROD0146,4,6341.27,44
ITEM01332,ORD00636,PROD0481,1,1051.66,6
ITEM01333,ORD00092,PROD0333,1,1507.39,26
ITEM01334,ORD00107,PROD0255,5,2953.62,6
ITEM01335,ORD00649,PROD0228,5,3905.92,2
ITEM01336,ORD00684,PROD0149,4,1119.41,49
ITEM01337,ORD00466,PROD0283,4,4001.24,30
ITEM01338,ORD00128,PROD0180,4,3159.53,41
ITEM01339,ORD00406,PROD0004,3,7419.91,32
ITEM01340,ORD00291,PROD0138,3,2795.36,50
ITEM01341,ORD00425,PROD0345,2,2901.75,26
ITEM01342,ORD00034,PROD0008,1,760.19,23
ITEM01343,ORD00532,PROD0420,5,2543.11,10
ITEM01344,ORD00586,PROD0221,2,6535.79,25
ITEM01345,ORD00198,PROD0316,4,1270.79,36
ITEM01346,ORD00440,PROD0066,4,4972.57,11
ITEM01347,ORD00413,PROD0463,3,3234.95,27
ITEM01348,ORD00237,PROD0051,2,1133.63,40
ITEM01349,ORD00591,PROD0402,4,6072.66,40
ITEM01350,ORD00267,PROD0429,5,3370.49,20
ITEM01351,ORD00209,PROD0048,1,3962.11,0
ITEM01352,ORD00644,PROD0395,5,2612.11,39
ITEM01353,ORD00557,PROD0472,1,6753.1,1
ITEM01354,ORD00134,PROD0233,3,6254.69,41
ITEM01355,ORD00228,PROD0153,2,3204.53,15
ITEM01356,ORD00388,PROD0395,3,3031.48,17
ITEM01357,ORD00085,PROD0479,2,5369.89,40
ITEM01358,ORD00594,PROD0444,1,4056.72,38
ITEM01359,ORD00126,PROD0055,2,3596.32,11
ITEM01360,ORD00096,PROD0040,4,1027.31,13
ITEM01361,ORD00401,PROD0052,4,6579.37,26
ITEM01362,ORD00076,PROD0250,1,2149.54,26
ITEM01363,ORD00385,PROD0456,3,2679.34,28
ITEM01364,ORD00165,PROD0093,3,5255.64,11
ITEM01365,ORD00676,PROD0291,5,3803.05,7
ITEM01366,ORD00352,PROD0178,4,5103.57,38
ITEM01367,ORD00560,PROD0003,2,5239.18,16
ITEM01368,ORD00125,PROD0099,5,2920.78,1
ITEM01369,ORD00531,PROD0263,2,2568.21,23
ITEM01370,ORD00118,PROD0461,2,5720.31,8
ITEM01371,ORD00226,PROD0043,2,4136.12,30
ITEM01372,ORD00205,PROD0489,1,5323.57,35
ITEM01373,ORD00668,PROD0151,4,1305.29,31
ITEM01374,ORD00447,PROD0263,4,3131.98,16
ITEM01375,ORD00178,PROD0102,3,7506.45,6
ITEM01376,ORD00598,PROD0407,5,1002.81,50
ITEM01377,ORD00211,PROD0489,4,5458.57,28
ITEM01378,ORD00434,PROD0306,3,213.8,39
ITEM01379,ORD00111,PROD0311,4,1001.98,36
ITEM01380,ORD00362,PROD0192,1,776.92,2
ITEM01381,ORD00524,PROD0130,5,5835.79,38
ITEM01382,ORD00661,PROD0487,5,3084.65,1
ITEM01383,ORD00118,PROD0093,-3,5987.64,11
ITEM01384,ORD00367,PROD0126,1,591.72,23
ITEM01385,ORD00381,PROD0075,3,4028.68,20
ITEM01386,ORD00012,PROD0368,3,1508.84,36
ITEM01387,ORD00330,PROD0461,2,6725.1,24
ITEM01388,ORD00291,PROD0309,2,1486.83,6
ITEM01389,ORD00575,PROD0143,5,6401.45,42
ITEM01390,ORD00077,PROD0294,4,4525.55,27
ITEM01391,ORD00326,PROD0417,3,4194.35,3
ITEM01392,ORD00506,PROD0256,1,6796.98,26
ITEM01393,ORD00123,PROD0064,4,4165.86,20
ITEM01394,ORD00606,PROD0197,2,5843.3,18
ITEM01395,ORD00019,PROD0330,5,4266.86,29
ITEM01396,ORD00292,PROD0068,4,4647.61,34
ITEM01397,ORD00541,PROD0021,3,3064.15,4
ITEM01398,ORD00482,PROD0049,4,3862.46,17
ITEM01399,ORD00325,PROD0386,3,926.66,35
ITEM01400,ORD00321,PROD0253,5,3793.93,19
ITEM01401,ORD00466,PROD0253,1,4785.04,39
ITEM01402,ORD00106,PROD0015,2,4845.61,0
ITEM01403,ORD00143,PROD0054,3,5649.44,46
ITEM01404,ORD00447,PROD0116,2,6100.54,46
ITEM01405,ORD00378,PROD0418,5,4169.57,44
ITEM01406,ORD00054,PROD0133,1,2029.95,19
ITEM01407,ORD00077,PROD0136,3,5529.65,50
ITEM01408,ORD00389,PROD0139,2,7606.61,37
ITEM01409,ORD00472,PROD0062,2,2800.06,9
ITEM01410,ORD00599,PROD0455,4,4665.71,42
ITEM01411,ORD00126,PROD0268,5,4371.35,30
ITEM01412,ORD00678,PROD0251,3,2128.45,46
ITEM01413,ORD00495,PROD0116,1,6447.83,18
ITEM01414,ORD00085,PROD0181,5,730.26,15
ITEM01415,ORD00676,PROD0332,2,5042.53,4
ITEM01416,ORD00507,PROD0031,2,3685.9,13
ITEM01417,ORD00480,PROD0420,4,2443.79,6
ITEM01418,ORD00349,PROD0107,5,5239.73,32
ITEM01419,ORD00321,PROD0390,3,3496.47,41
ITEM01420,ORD00158,PROD0435,5,4520.28,8
ITEM01421,ORD00225,PROD0470,3,1244.97,28
ITEM01422,ORD00636,PROD0263,2,3018.33,12
ITEM01423,ORD00071,PROD0143,4,5132.81,19
ITEM01424,ORD00592,PROD0332,1,4295.12,6
ITEM01425,ORD00113,PROD0124,1,620.0,11
ITEM01426,ORD00274,PROD0015,4,5821.86,28
ITEM01427,ORD00361,PROD0136,1,5888.02,5
ITEM01428,ORD00363,PROD0221,2,5791.14,32
ITEM01429,ORD00442,PROD0261,3,2504.04,17
ITEM01430,ORD00379,PROD0051,1,1180.33,46
ITEM01431,ORD00433,PROD0100,3,4176.27,11
ITEM01432,ORD00609,PROD0142,5,2743.18,33
ITEM01433,ORD00444,PROD0056,1,3400.13,7
ITEM01434,ORD00225,PROD0059,1,3103.26,36
ITEM01435,ORD00273,PROD0123,1,5175.97,17
ITEM01436,ORD00232,PROD0452,5,5879.92,25
ITEM01437,ORD00402,PROD0202,1,5399.22,44
ITEM01438,ORD00275,PROD0254,2,6217.92,13
ITEM01439,ORD00356,PROD0327,3,5163.66,18
ITEM01440,ORD00004,PROD0049,2,3634.22,44
ITEM01441,ORD00638,PROD0245,3,2217.17,44
ITEM01442,ORD00245,PROD0088,3,388.01,10
ITEM01443,ORD00192,PROD0171,4,1319.73,0
ITEM01444,ORD00683,PROD0243,4,5055.93,11
ITEM01445,ORD00271,PROD0452,1,5039.47,48
ITEM01446,ORD00010,PROD0305,3,4807.65,37
ITEM01447,ORD00002,PROD0251,2,2224.99,2
ITEM01448,ORD00018,PROD0291,3,3783.86,33
ITEM01449,ORD00516,PROD0086,-2,5166.14,6
ITEM01450,ORD00312,PROD0412,3,6021.94,47
ITEM01451,ORD00360,PROD0280,3,1245.24,16
ITEM01452,ORD00374,PROD0235,1,5651.92,19
ITEM01453,ORD00342,PROD0457,5,5179.4,38
ITEM01454,ORD00496,PROD0058,3,2445.97,46
ITEM01455,ORD00656,PROD0011,2,6570.11,14
ITEM01456,ORD00676,PROD0073,3,681.29,15
ITEM01457,ORD00592,PROD0380,4,3942.25,47
ITEM01458,ORD00092,PROD0100,4,4764.56,17
ITEM01459,ORD00642,PROD0348,5,2337.26,28
ITEM01460,ORD00540,PROD0090,3,1502.57,22
ITEM01461,ORD00340,PROD0201,5,2117.87,17
ITEM01462,ORD00317,PROD0098,1,5913.13,44
ITEM01463,ORD00352,PROD0428,5,4533.97,50
ITEM01464,ORD00466,PROD0291,3,3244.25,0
ITEM01465,ORD00511,PROD0475,2,2719.62,9
ITEM01466,ORD00536,PROD0495,3,4325.49,42
ITEM01467,ORD00167,PROD0156,4,2679.0,18
ITEM01468,ORD00016,PROD0233,1,6315.08,37
ITEM01469,ORD00127,PROD0028,4,3169.12,27
ITEM01470,ORD00361,PROD0339,1,1841.4,8
ITEM01471,ORD00359,PROD0450,3,1356.65,32
ITEM01472,ORD00682,PROD0491,5,1154.82,5
ITEM01473,ORD00278,PROD0074,2,1757.31,5
ITEM01474,ORD00298,PROD0113,1,605.99,22
ITEM01475,ORD00255,PROD0416,4,5339.23,6
ITEM01476,ORD00268,PROD0472,3,6800.83,11
ITEM01477,ORD00578,PROD0224,3,1760.23,8
ITEM01478,ORD00700,PROD0394,2,4410.82,26
ITEM01479,ORD00568,PROD0103,3,761.79,19
ITEM01480,ORD00581,PROD0475,4,2782.0,24
ITEM01481,ORD00448,PROD0050,-2,6916.59,44
ITEM01482,ORD00321,PROD0258,3,6593.24,27
ITEM01483,ORD00478,PROD0216,4,6139.89,35
ITEM01484,ORD00028,PROD0491,4,1130.44,8
ITEM01485,ORD00630,PROD0465,3,5973.41,37
ITEM01486,ORD00525,PROD0192,2,815.54,36
ITEM01487,ORD00301,PROD0028,4,2996.67,42
ITEM01488,ORD00007,PROD0237,5,5655.65,3
ITEM01489,ORD00087,PROD0029,3,7229.48,41
ITEM01490,ORD00110,PROD0171,5,1301.07,18
ITEM01491,ORD00580,PROD0247,3,3912.85,7
ITEM01492,ORD00599,PROD0346,5,7316.83,3
ITEM01493,ORD00210,PROD0265,2,4987.6,31
ITEM01494,ORD00140,PROD0115,2,5234.36,19
ITEM01495,ORD00007,PROD0413,4,1649.29,12
ITEM01496,ORD00118,PROD0035,1,4049.05,7
ITEM01497,ORD00533,PROD0050,2,6284.52,30
ITEM01498,ORD00026,PROD0427,5,5083.87,3
ITEM01499,ORD00125,PROD0154,4,2496.22,11
ITEM01500,ORD00241,PROD0431,5,564.73,39
ITEM01501,ORD00698,PROD0225,5,805.56,9
ITEM01502,ORD00652,PROD0012,2,3678.79,47
ITEM01503,ORD00674,PROD0124,2,559.09,44
ITEM01504,ORD00560,PROD0103,4,802.23,18
ITEM01505,ORD00684,PROD0052,5,6055.03,42
ITEM01506,ORD00282,PROD0201,4,2291.63,6
ITEM01507,ORD00476,PROD0214,4,4834.66,18
ITEM01508,ORD00469,PROD0062,5,2859.19,37
ITEM01509,ORD00311,PROD0018,5,4253.5,22
ITEM01510,ORD00143,PROD0240,4,368.61,10
ITEM01511,ORD00367,PROD0257,5,551.53,45
ITEM01512,ORD00538,PROD0200,5,1275.13,41
ITEM01513,ORD00156,PROD0181,5,635.77,45
ITEM01514,ORD00144,PROD0143,3,6364.48,4
ITEM01515,ORD00661,PROD0248,4,2230.02,38
ITEM01516,ORD00675,PROD0093,5,6474.97,32
ITEM01517,ORD00675,PROD0270,3,4993.44,20
ITEM01518,ORD00603,PROD0490,5,851.63,39
ITEM01519,ORD00414,PROD0035,1,3890.45,46
ITEM01520,ORD00163,PROD0119,1,259.98,31
ITEM01521,ORD00696,PROD0244,3,6503.86,49
ITEM01522,ORD00243,PROD0054,2,5454.53,24
ITEM01523,ORD00431,PROD0473,1,1296.04,16
ITEM01524,ORD00118,PROD0020,1,1310.11,23
ITEM01525,ORD00622,PROD0324,1,1293.36,20
ITEM01526,ORD00111,PROD0358,4,1296.91,40
ITEM01527,ORD00588,PROD0285,2,3834.68,31
ITEM01528,ORD00449,PROD0348,3,1933.41,47
ITEM01529,ORD00166,PROD0223,5,191.55,12
ITEM01530,ORD00089,PROD0299,1,6292.02,42
ITEM01531,ORD00099,PROD0105,1,5578.37,0
ITEM01532,ORD00369,PROD0397,4,7091.02,4
ITEM01533,ORD00349,PROD0095,5,6768.06,13
ITEM01534,ORD00585,PROD0424,4,5858.29,22
ITEM01535,ORD00634,PROD0461,5,7276.05,4
ITEM01536,ORD00450,PROD0219,4,2574.74,36
ITEM01537,ORD00081,PROD0066,5,4123.51,7
ITEM01538,ORD00511,PROD0119,1,255.46,21
ITEM01539,ORD00024,PROD0115,3,6219.71,16
ITEM01540,ORD00400,PROD0361,3,5750.01,10
ITEM01541,ORD00295,PROD0039,5,3330.3,33
ITEM01542,ORD00626,PROD0257,3,583.9,3
ITEM01543,ORD00560,PROD0358,1,1375.68,16
ITEM01544,ORD00669,PROD0016,1,3081.04,16
ITEM01545,ORD00206,PROD0172,1,1579.34,35
ITEM01546,ORD00338,PROD0474,1,172.34,4
ITEM01547,ORD00578,PROD0464,5,798.58,48
ITEM01548,ORD00037,PROD0178,1,5046.07,38
ITEM01549,ORD00628,PROD0476,1,3436.6,30
ITEM01550,ORD00133,PROD0139,1,6015.86,31
ITEM01551,ORD00520,PROD0116,3,6779.14,19
ITEM01552,ORD00234,PROD0011,1,4997.56,50
ITEM01553,ORD00201,PROD0274,5,3166.95,43
ITEM01554,ORD00019,PROD0283,4,3921.12,49
ITEM01555,ORD00387,PROD0357,2,231.86,27
ITEM01556,ORD00563,PROD0071,1,3039.66,39
ITEM01557,ORD00377,PROD0181,2,636.5,3
ITEM01558,ORD00244,PROD0119,1,254.55,14
ITEM01559,ORD00423,PROD0383,5,5498.45,0
ITEM01560,ORD00256,PROD0417,1,4034.95,8
ITEM01561,ORD00450,PROD0093,3,5314.27,22
ITEM01562,ORD00617,PROD0336,2,2893.24,8
ITEM01563,ORD00621,PROD0204,4,1252.12,42
ITEM01564,ORD00079,PROD0040,3,1052.36,13
ITEM01565,ORD00507,PROD0362,3,1955.13,14
ITEM01566,ORD00455,PROD0366,3,7288.83,49
ITEM01567,ORD00565,PROD0150,2,5511.03,17
ITEM01568,ORD00327,PROD0358,5,1345.22,3
ITEM01569,ORD00355,PROD0462,4,890.7,39
ITEM01570,ORD00498,PROD0144,-1,309.94,8
ITEM01571,ORD00534,PROD0119,3,265.42,13
ITEM01572,ORD00126,PROD0191,2,4817.57,15
ITEM01573,ORD00451,PROD0333,4,1647.77,1
ITEM01574,ORD00511,PROD0429,1,3489.19,37
ITEM01575,ORD00394,PROD0154,1,2192.41,39
ITEM01576,ORD00394,PROD0254,1,7574.33,24
ITEM01577,ORD00455,PROD0023,2,575.47,11
ITEM01578,ORD00676,PROD0221,5,5610.35,19
ITEM01579,ORD00033,PROD0278,3,6082.43,38
ITEM01580,ORD00345,PROD0473,3,1612.78,37
ITEM01581,ORD00222,PROD0388,1,6541.03,39
ITEM01582,ORD00445,PROD0444,4,4932.6,47
ITEM01583,ORD00059,PROD0414,1,5343.74,46
ITEM01584,ORD00695,PROD0148,5,1598.96,36
ITEM01585,ORD00582,PROD0394,-5,4424.5,24
ITEM01586,ORD00479,PROD0382,2,320.08,0
ITEM01587,ORD00288,PROD0410,3,2404.4,15
ITEM01588,ORD00556,PROD0152,3,2047.37,2
ITEM01589,ORD00631,PROD0141,3,1567.43,16
ITEM01590,ORD00669,PROD0415,5,2462.29,19
ITEM01591,ORD00583,PROD0339,3,2316.01,11
ITEM01592,ORD00455,PROD0237,1,5622.45,29
ITEM01593,ORD00038,PROD0495,3,4154.1,35
ITEM01594,ORD00224,PROD0210,1,5602.47,5
ITEM01595,ORD00284,PROD0460,5,2346.4,4
ITEM01596,ORD00452,PROD0093,3,6575.32,17
ITEM01597,ORD00266,PROD0445,4,5609.59,40
ITEM01598,ORD00179,PROD0076,5,213.58,14
ITEM01599,ORD00118,PROD0336,1,2304.31,32
ITEM01600,ORD00451,PROD0297,3,2902.9,45
ITEM01601,ORD00234,PROD0032,3,7653.79,1
ITEM01602,ORD00695,PROD0433,3,4716.56,2
ITEM01603,ORD00615,PROD0121,3,3026.6,32
ITEM01604,ORD00455,PROD0058,5,2042.27,13
ITEM01605,ORD00334,PROD0293,3,3272.46,43
ITEM01606,ORD00426,PROD0037,4,6670.95,9
ITEM01607,ORD00026,PROD0168,5,3124.78,21
ITEM01608,ORD00418,PROD0460,3,2293.04,18
ITEM01609,ORD00637,PROD0016,2,3108.97,18
ITEM01610,ORD00154,PROD0467,5,5488.95,38
ITEM01611,ORD00217,PROD0414,3,5279.83,49
ITEM01612,ORD00521,PROD0402,5,5866.94,13
ITEM01613,ORD00388,PROD0426,5,5866.13,46
ITEM01614,ORD00154,PROD0196,1,2558.13,14
ITEM01615,ORD00579,PROD0258,5,6901.09,46
ITEM01616,ORD00429,PROD0276,1,4997.96,33
ITEM01617,ORD00053,PROD0311,4,1069.14,33
ITEM01618,ORD00452,PROD0163,3,2816.08,36
ITEM01619,ORD00301,PROD0467,2,6038.93,49
ITEM01620,ORD00371,PROD0119,4,235.13,7
ITEM01621,ORD00247,PROD0228,4,3666.68,22
ITEM01622,ORD00574,PROD0259,1,5366.81,41
ITEM01623,ORD00496,PROD0310,2,3546.71,26
ITEM01624,ORD00236,PROD0292,2,718.52,15
ITEM01625,ORD00418,PROD0346,5,7173.09,38
ITEM01626,ORD00267,PROD0408,3,2296.72,7
ITEM01627,ORD00084,PROD0210,4,5485.8,9
ITEM01628,ORD00590,PROD0254,2,7647.07,29
ITEM01629,ORD00016,PROD0086,1,4678.12,48
ITEM01630,ORD00568,PROD0365,4,3563.86,8
ITEM01631,ORD00035,PROD0427,4,4464.02,10
ITEM01632,ORD00075,PROD0068,5,5917.58,24
ITEM01633,ORD00433,PROD0182,2,3517.49,35
ITEM01634,ORD00248,PROD0365,3,2969.87,21
ITEM01635,ORD00606,PROD0312,5,4966.22,46
ITEM01636,ORD00047,PROD0038,3,2389.34,26
ITEM01637,ORD00646,PROD0231,4,3506.48,30
ITEM01638,ORD00138,PROD0376,2,6051.16,37
ITEM01639,ORD00522,PROD0043,2,4931.05,37
ITEM01640,ORD00608,PROD0190,4,2701.26,28
ITEM01641,ORD00181,PROD0261,5,2689.51,49
ITEM01642,ORD00100,PROD0119,3,247.79,3
ITEM01643,ORD00578,PROD0266,5,1095.53,27
ITEM01644,ORD00293,PROD0166,4,5544.59,11
ITEM01645,ORD00147,PROD0022,2,1693.63,17
ITEM01646,ORD00589,PROD0451,5,4530.7,22
ITEM01647,ORD00292,PROD0085,1,1542.81,31
ITEM01648,ORD00450,PROD0115,2,5214.67,16
ITEM01649,ORD00621,PROD0386,1,1069.51,42
ITEM01650,ORD00286,PROD0073,1,624.62,32
ITEM01651,ORD00173,PROD0015,5,6204.46,34
ITEM01652,ORD00551,PROD0410,2,2342.94,1
ITEM01653,ORD00379,PROD0105,3,5771.34,36
ITEM01654,ORD00437,PROD0375,4,5088.26,29
ITEM01655,ORD00303,PROD0471,1,3675.71,7
ITEM01656,ORD00456,PROD0456,4,2575.88,5
ITEM01657,ORD00141,PROD0143,1,6437.41,5
ITEM01658,ORD00228,PROD0373,1,535.81,32
ITEM01659,ORD00344,PROD0142,4,2760.8,32
ITEM01660,ORD00689,PROD0398,1,4343.83,20
ITEM01661,ORD00040,PROD0222,1,6006.02,50
ITEM01662,ORD00534,PROD0163,2,3385.82,42
ITEM01663,ORD00642,PROD0019,1,1813.52,37
ITEM01664,ORD00386,PROD0447,2,6800.66,16
ITEM01665,ORD00482,PROD0078,-4,7535.43,46
ITEM01666,ORD00509,PROD0145,2,5905.24,5
ITEM01667,ORD00529,PROD0439,2,585.25,4
ITEM01668,ORD00503,PROD0286,5,4660.22,11
ITEM01669,ORD00040,PROD0215,3,6030.19,40
ITEM01670,ORD00598,PROD0121,3,3391.71,42
ITEM01671,ORD00185,PROD0450,3,1376.52,18
ITEM01672,ORD00685,PROD0249,4,739.21,25
ITEM01673,ORD00613,PROD0183,5,6649.65,6
ITEM01674,ORD00225,PROD0058,3,2269.32,28
ITEM01675,ORD00334,PROD0127,4,1030.51,29
ITEM01676,ORD00327,PROD0339,1,2021.12,25
ITEM01677,ORD00132,PROD0397,4,7631.2,31
ITEM01678,ORD00616,PROD0211,2,4878.05,17
ITEM01679,ORD00520,PROD0111,4,4098.5,49
ITEM01680,ORD00331,PROD0134,3,4728.54,28
ITEM01681,ORD00436,PROD0205,3,5686.71,17
ITEM01682,ORD00498,PROD0373,2,537.86,2
ITEM01683,ORD00316,PROD0230,4,1647.71,10
ITEM01684,ORD00549,PROD0106,1,6608.91,39
ITEM01685,ORD00626,PROD0169,2,5413.84,1
ITEM01686,ORD00022,PROD0411,4,4997.3,45
ITEM01687,ORD00342,PROD0468,3,5210.37,35
ITEM01688,ORD00065,PROD0336,1,2546.29,23
ITEM01689,ORD00549,PROD0102,2,7272.03,25
ITEM01690,ORD00235,PROD0149,2,1362.96,21
ITEM01691,ORD00424,PROD0111,5,4999.04,0
ITEM01692,ORD00037,PROD0433,1,5002.56,33
ITEM01693,ORD00105,PROD0257,4,651.26,2
ITEM01694,ORD00161,PROD0145,3,5583.4,40
ITEM01695,ORD00254,PROD0018,3,4630.68,50
ITEM01696,ORD00387,PROD0336,4,2265.91,47
ITEM01697,ORD00277,PROD0442,1,2410.02,32
ITEM01698,ORD00426,PROD0011,1,6180.42,34
ITEM01699,ORD00620,PROD0471,2,3061.79,37
ITEM01700,ORD00401,PROD0100,5,5053.37,50
ITEM01701,ORD00332,PROD0218,5,7446.79,19
ITEM01702,ORD00281,PROD0235,2,4576.87,41
ITEM01703,ORD00591,PROD0242,4,6512.31,5
ITEM01704,ORD00228,PROD0496,4,3511.97,30
ITEM01705,ORD00292,PROD0465,5,5531.65,24
ITEM01706,ORD00018,PROD0255,4,2971.84,48
ITEM01707,ORD00560,PROD0366,1,6384.24,36
ITEM01708,ORD00026,PROD0204,2,1180.06,30
ITEM01709,ORD00577,PROD0056,3,3107.42,40
ITEM01710,ORD00086,PROD0049,5,3287.75,31
ITEM01711,ORD00608,PROD0128,1,4023.52,39
ITEM01712,ORD00485,PROD0268,5,5072.89,3
ITEM01713,ORD00506,PROD0130,4,5667.46,21
ITEM01714,ORD00155,PROD0019,3,2061.07,38
ITEM01715,ORD00417,PROD0447,1,6050.49,13
ITEM01716,ORD00576,PROD0407,4,1073.68,20
ITEM01717,ORD00668,PROD0121,3,3369.45,30
ITEM01718,ORD00527,PROD0285,1,4705.26,27
ITEM01719,ORD00080,PROD0193,2,5479.48,10
ITEM01720,ORD00533,PROD0384,1,2910.15,28
ITEM01721,ORD00117,PROD0020,4,1330.53,40
ITEM01722,ORD00538,PROD0250,2,2510.24,35
ITEM01723,ORD00429,PROD0205,1,4791.89,27
ITEM01724,ORD00302,PROD0369,3,3282.11,39
ITEM01725,ORD00381,PROD0289,2,4848.12,33
ITEM01726,ORD00210,PROD0412,5,6892.94,23
ITEM01727,ORD00532,PROD0310,3,3570.51,13
ITEM01728,ORD00339,PROD0475,2,2482.61,45
ITEM01729,ORD00486,PROD0006,3,1973.43,9
ITEM01730,ORD00482,PROD0035,1,4253.0,12
ITEM01731,ORD00205,PROD0356,1,5211.05,21
ITEM01732,ORD00097,PROD0032,5,6678.43,10
ITEM01733,ORD00069,PROD0180,5,3595.01,22
ITEM01734,ORD00644,PROD0008,-2,789.41,27
ITEM01735,ORD00599,PROD0374,3,1220.61,49
ITEM01736,ORD00413,PROD0479,3,5271.7,41
ITEM01737,ORD00676,PROD0104,1,2756.22,6
ITEM01738,ORD00222,PROD0144,2,315.68,6
ITEM01739,ORD00130,PROD0409,5,793.61,49
ITEM01740,ORD00393,PROD0170,5,715.56,37
ITEM01741,ORD00620,PROD0142,5,2789.6,30
ITEM01742,ORD00215,PROD0087,1,6850.43,13
ITEM01743,ORD00094,PROD0476,5,2781.52,10
ITEM01744,ORD00487,PROD0448,1,1301.21,3
ITEM01745,ORD00141,PROD0262,4,311.0,30
ITEM01746,ORD00335,PROD0155,5,3736.7,15
ITEM01747,ORD00574,PROD0202,4,6328.24,45
ITEM01748,ORD00486,PROD0182,3,3968.6,20
ITEM01749,ORD00544,PROD0041,5,5106.33,10
ITEM01750,ORD00649,PROD0427,3,5478.81,27
ITEM01751,ORD00574,PROD0227,4,3458.41,16
ITEM01752,ORD00124,PROD0286,-4,5304.44,11
ITEM01753,ORD00026,PROD0444,3,5027.48,49
ITEM01754,ORD00687,PROD0178,4,4105.66,35
ITEM01755,ORD00196,PROD0196,3,2056.12,47
ITEM01756,ORD00011,PROD0101,4,4411.33,12
ITEM01757,ORD00006,PROD0301,3,3383.7,23
ITEM01758,ORD00260,PROD0258,1,6856.32,2
ITEM01759,ORD00663,PROD0141,4,1629.55,44
ITEM01760,ORD00260,PROD0141,1,1904.24,1
ITEM01761,ORD00483,PROD0312,-4,5577.5,30
ITEM01762,ORD00664,PROD0385,5,5247.22,2
ITEM01763,ORD00379,PROD0015,5,6191.31,9
ITEM01764,ORD00182,PROD0446,2,5569.11,7
ITEM01765,ORD00058,PROD0228,1,3614.72,34
ITEM01766,ORD00285,PROD0437,2,3902.91,47
ITEM01767,ORD00018,PROD0171,3,1637.25,10
ITEM01768,ORD00601,PROD0370,3,5360.34,42
ITEM01769,ORD00413,PROD0214,1,4706.88,48
ITEM01770,ORD00514,PROD0076,3,180.17,28
ITEM01771,ORD00046,PROD0142,5,2432.34,32
ITEM01772,ORD00420,PROD0089,1,717.4,35
ITEM01773,ORD00360,PROD0061,3,816.08,44
ITEM01774,ORD00089,PROD0290,4,306.84,5
ITEM01775,ORD00187,PROD0374,1,1154.78,37
ITEM01776,ORD00642,PROD0495,1,4496.1,50
ITEM01777,ORD00011,PROD0112,3,1790.37,46
ITEM01778,ORD00253,PROD0158,2,2275.86,47
ITEM01779,ORD00136,PROD0159,1,5082.98,18
ITEM01780,ORD00183,PROD0143,2,5783.04,26
ITEM01781,ORD00232,PROD0428,2,4751.5,12
ITEM01782,ORD00182,PROD0152,3,2119.88,16
ITEM01783,ORD00095,PROD0251,3,2292.99,22
ITEM01784,ORD00658,PROD0268,4,5165.86,43
ITEM01785,ORD00175,PROD0019,5,1891.61,34
ITEM01786,ORD00583,PROD0108,4,6369.49,43
ITEM01787,ORD00296,PROD0107,3,5153.44,32
ITEM01788,ORD00565,PROD0425,3,5839.03,49
ITEM01789,ORD00216,PROD0133,2,2262.83,2
ITEM01790,ORD00119,PROD0265,2,4866.0,29
ITEM01791,ORD00601,PROD0166,-3,5954.25,42
ITEM01792,ORD00603,PROD0462,1,798.61,6
ITEM01793,ORD00645,PROD0184,1,4161.97,30
ITEM01794,ORD00343,PROD0173,1,1211.29,22
ITEM01795,ORD00314,PROD0084,4,5931.5,48
ITEM01796,ORD00023,PROD0225,5,891.51,36
ITEM01797,ORD00446,PROD0375,4,5019.87,15
ITEM01798,ORD00259,PROD0371,3,6306.49,30
ITEM01799,ORD00695,PROD0206,3,4151.82,14
ITEM01800,ORD00520,PROD0056,4,3194.56,17
ITEM01801,ORD00592,PROD0206,5,4136.01,32
ITEM01802,ORD00171,PROD0473,3,1645.1,44
ITEM01803,ORD00537,PROD0102,5,7108.53,8
ITEM01804,ORD00680,PROD0171,1,1667.74,19
ITEM01805,ORD00145,PROD0411,3,5593.14,10
ITEM01806,ORD00472,PROD0001,2,884.86,11
ITEM01807,ORD00309,PROD0158,1,1934.05,13
ITEM01808,ORD00448,PROD0047,2,702.4,35
ITEM01809,ORD00384,PROD0003,4,4700.02,6
ITEM01810,ORD00483,PROD0282,4,6635.82,30
ITEM01811,ORD00685,PROD0193,4,5405.59,48
ITEM01812,ORD00099,PROD0199,2,1305.16,8
ITEM01813,ORD00410,PROD0396,3,5919.52,43
ITEM01814,ORD00435,PROD0306,4,198.01,22
ITEM01815,ORD00501,PROD0343,5,4095.02,38
ITEM01816,ORD00183,PROD0394,2,4572.48,21
ITEM01817,ORD00514,PROD0422,1,6759.44,48
ITEM01818,ORD00408,PROD0469,1,2297.5,8
ITEM01819,ORD00512,PROD0097,1,4363.24,27
ITEM01820,ORD00096,PROD0174,4,1414.88,27
ITEM01821,ORD00155,PROD0146,3,5909.76,30
ITEM01822,ORD00036,PROD0134,4,4407.35,25
ITEM01823,ORD00699,PROD0265,1,4851.6,5
ITEM01824,ORD00355,PROD0352,1,6428.54,25
ITEM01825,ORD00013,PROD0083,3,1808.35,32
ITEM01826,ORD00394,PROD0352,4,5295.63,41
ITEM01827,ORD00687,PROD0206,4,5150.44,19
ITEM01828,ORD00436,PROD0133,1,2351.55,28
ITEM01829,ORD00515,PROD0191,4,5890.55,34
ITEM01830,ORD00374,PROD0058,2,2641.71,34
ITEM01831,ORD00393,PROD0446,1,5691.16,21
ITEM01832,ORD00605,PROD0133,2,2293.64,39
ITEM01833,ORD00466,PROD0223,1,174.25,2
ITEM01834,ORD00125,PROD0445,4,6206.97,3
ITEM01835,ORD00614,PROD0352,3,5718.94,21
ITEM01836,ORD00692,PROD0152,1,2031.13,11
ITEM01837,ORD00301,PROD0183,4,5764.34,20
ITEM01838,ORD00305,PROD0326,1,3252.15,22
ITEM01839,ORD00038,PROD0273,4,4026.41,5
ITEM01840,ORD00548,PROD0049,2,3866.12,40
ITEM01841,ORD00506,PROD0221,3,6149.14,29
ITEM01842,ORD00633,PROD0125,5,4942.27,2
ITEM01843,ORD00079,PROD0168,3,2506.22,38
ITEM01844,ORD00654,PROD0416,1,5275.81,46
ITEM01845,ORD00081,PROD0173,3,1300.77,1
ITEM01846,ORD00189,PROD0487,3,3424.51,47
ITEM01847,ORD00082,PROD0429,4,4230.56,50
ITEM01848,ORD00197,PROD0293,3,3414.14,39
ITEM01849,ORD00527,PROD0277,2,3893.84,3
ITEM01850,ORD00384,PROD0294,4,3951.67,27
ITEM01851,ORD00282,PROD0383,2,5049.71,42
ITEM01852,ORD00047,PROD0310,4,4020.55,43
ITEM01853,ORD00292,PROD0140,1,3995.67,1
ITEM01854,ORD00425,PROD0337,2,3811.88,29
ITEM01855,ORD00614,PROD0405,3,1949.48,14
ITEM01856,ORD00019,PROD0364,3,4502.48,39
ITEM01857,ORD00295,PROD0373,5,616.31,37
ITEM01858,ORD00431,PROD0326,5,3010.64,24
ITEM01859,ORD00488,PROD0477,5,3682.25,21
ITEM01860,ORD00328,PROD0178,4,4026.45,47
ITEM01861,ORD00511,PROD0108,5,7037.1,43
ITEM01862,ORD00400,PROD0131,4,5399.44,36
ITEM01863,ORD00081,PROD0324,4,1173.96,22
ITEM01864,ORD00086,PROD0107,5,4693.12,18
ITEM01865,ORD00323,PROD0232,4,2439.67,39
ITEM01866,ORD00599,PROD0086,5,4586.43,27
ITEM01867,ORD00426,PROD0392,1,4671.41,18
ITEM01868,ORD00570,PROD0381,4,5636.44,24
ITEM01869,ORD00551,PROD0068,4,5520.06,7
ITEM01870,ORD00100,PROD0203,2,5644.6,7
ITEM01871,ORD00585,PROD0149,2,1347.01,49
ITEM01872,ORD00411,PROD0282,4,6013.72,13
ITEM01873,ORD00429,PROD0462,5,788.15,49
ITEM01874,ORD00372,PROD0323,1,4337.37,43
ITEM01875,ORD00649,PROD0391,3,6574.96,34
ITEM01876,ORD00402,PROD0116,4,6904.22,29
ITEM01877,ORD00294,PROD0423,4,1340.25,11
ITEM01878,ORD00410,PROD0148,1,1630.89,21
ITEM01879,ORD00476,PROD0336,2,2665.48,6
ITEM01880,ORD00393,PROD0298,4,1256.34,26
ITEM01881,ORD00194,PROD0326,1,3273.04,8
ITEM01882,ORD00625,PROD0318,5,6764.16,38
ITEM01883,ORD00585,PROD0375,-4,5701.86,20
ITEM01884,ORD00625,PROD0128,2,4571.68,30
ITEM01885,ORD00094,PROD0488,3,3286.78,38
ITEM01886,ORD00670,PROD0200,5,1461.88,12
ITEM01887,ORD00166,PROD0235,3,5497.34,15
ITEM01888,ORD00180,PROD0242,2,6574.61,18
ITEM01889,ORD00067,PROD0458,1,5144.64,29
ITEM01890,ORD00471,PROD0126,5,633.77,15
ITEM01891,ORD00182,PROD0499,4,2529.49,7
ITEM01892,ORD00619,PROD0429,3,4131.25,10
ITEM01893,ORD00251,PROD0237,1,4914.68,2
ITEM01894,ORD00699,PROD0347,4,3773.48,30
ITEM01895,ORD00395,PROD0037,4,6811.6,45
ITEM01896,ORD00551,PROD0062,5,3076.54,34
ITEM01897,ORD00025,PROD0225,4,987.28,3
ITEM01898,ORD00300,PROD0416,4,5972.19,46
ITEM01899,ORD00041,PROD0187,4,3824.09,32
ITEM01900,ORD00645,PROD0333,4,1429.16,7
ITEM01901,ORD00107,PROD0075,3,4848.84,37
ITEM01902,ORD00115,PROD0370,2,5131.87,42
ITEM01903,ORD00348,PROD0073,2,739.28,13
ITEM01904,ORD00271,PROD0050,3,7143.05,4
ITEM01905,ORD00470,PROD0461,4,7085.49,48
ITEM01906,ORD00267,PROD0176,3,4796.93,21
ITEM01907,ORD00462,PROD0359,3,2436.16,38
ITEM01908,ORD00037,PROD0390,2,2968.03,18
ITEM01909,ORD00027,PROD0114,3,5821.34,45
ITEM01910,ORD00299,PROD0158,2,2166.68,19
ITEM01911,ORD00487,PROD0366,4,6792.95,9
ITEM01912,ORD00132,PROD0076,5,192.34,24
ITEM01913,ORD00264,PROD0327,2,4219.16,13
ITEM01914,ORD00598,PROD0156,2,2920.13,16
ITEM01915,ORD00373,PROD0370,5,5709.6,33
ITEM01916,ORD00416,PROD0245,5,2244.47,22
ITEM01917,ORD00660,PROD0080,5,7700.49,20
ITEM01918,ORD00536,PROD0192,4,870.61,31
ITEM01919,ORD00664,PROD0087,5,6304.85,30
ITEM01920,ORD00389,PROD0008,1,805.75,19
ITEM01921,ORD00212,PROD0115,2,5198.56,49
ITEM01922,ORD00123,PROD0333,2,1399.11,29
ITEM01923,ORD00584,PROD0468,1,5311.53,50
ITEM01924,ORD00537,PROD0460,2,2471.88,23
ITEM01925,ORD00681,PROD0017,4,7181.94,21
ITEM01926,ORD00520,PROD0035,3,4563.06,34
ITEM01927,ORD00551,PROD0447,1,7350.68,3
ITEM01928,ORD00458,PROD0291,5,3204.36,16
ITEM01929,ORD00188,PROD0354,2,6387.71,45
ITEM01930,ORD00468,PROD0091,1,4299.61,17
ITEM01931,ORD00566,PROD0143,1,6071.89,46
ITEM01932,ORD00066,PROD0464,2,759.65,3
ITEM01933,ORD00213,PROD0117,2,4789.29,37
ITEM01934,ORD00489,PROD0238,1,6940.89,50
ITEM01935,ORD00053,PROD0164,1,2744.71,7
ITEM01936,ORD00453,PROD0043,4,4047.26,34
ITEM01937,ORD00604,PROD0111,5,4669.5,36
ITEM01938,ORD00010,PROD0298,4,1220.58,7
ITEM01939,ORD00454,PROD0399,2,6307.44,40
ITEM01940,ORD00630,PROD0387,4,5855.02,16
ITEM01941,ORD00417,PROD0308,3,449.41,11
ITEM01942,ORD00337,PROD0260,4,5396.56,41
ITEM01943,ORD00307,PROD0136,5,4871.57,17
ITEM01944,ORD00695,PROD0288,5,6283.92,28
ITEM01945,ORD00115,PROD0388,2,6828.12,20
ITEM01946,ORD00522,PROD0241,4,5618.19,4
ITEM01947,ORD00443,PROD0345,3,2989.08,28
ITEM01948,ORD00351,PROD0327,5,5326.28,12
ITEM01949,ORD00112,PROD0391,2,6032.25,32
ITEM01950,ORD00313,PROD0164,5,2981.23,43
ITEM01951,ORD00308,PROD0475,5,2518.74,43
ITEM01952,ORD00159,PROD0166,-2,5332.94,25
ITEM01953,ORD00176,PROD0437,2,3854.88,10
ITEM01954,ORD00334,PROD0490,5,1012.66,41
ITEM01955,ORD00610,PROD0404,4,5740.15,17
ITEM01956,ORD00235,PROD0478,3,1347.71,19
ITEM01957,ORD00380,PROD0075,3,4301.48,22
ITEM01958,ORD00323,PROD0231,3,3651.46,25
ITEM01959,ORD00428,PROD0003,4,4545.27,26
ITEM01960,ORD00363,PROD0331,2,7265.34,49
ITEM01961,ORD00281,PROD0010,2,6200.24,45
ITEM01962,ORD00263,PROD0151,3,1053.82,27
ITEM01963,ORD00392,PROD0167,5,6034.82,12
ITEM01964,ORD00221,PROD0317,5,2285.33,17
ITEM01965,ORD00110,PROD0039,2,2943.8,46
ITEM01966,ORD00492,PROD0483,5,6551.92,2
ITEM01967,ORD00676,PROD0200,4,1353.01,38
ITEM01968,ORD00601,PROD0193,1,4523.5,40
ITEM01969,ORD00351,PROD0142,5,2562.2,18
ITEM01970,ORD00114,PROD0242,2,7678.96,4
ITEM01971,ORD00333,PROD0397,4,7599.78,9
ITEM01972,ORD00604,PROD0154,5,2292.92,5
ITEM01973,ORD00449,PROD0126,3,657.53,48
ITEM01974,ORD00677,PROD0134,5,4894.6,18
ITEM01975,ORD00023,PROD0072,1,4448.31,44
ITEM01976,ORD00322,PROD0491,3,1429.36,28
ITEM01977,ORD00220,PROD0095,3,6714.15,29
ITEM01978,ORD00371,PROD0171,2,1544.81,45
ITEM01979,ORD00266,PROD0131,5,6673.29,1
ITEM01980,ORD00144,PROD0062,4,2891.16,31
ITEM01981,ORD00050,PROD0426,5,5919.68,32
ITEM01982,ORD00383,PROD0009,5,3299.79,2
ITEM01983,ORD00517,PROD0448,3,1483.98,31
ITEM01984,ORD00290,PROD0295,3,5375.36,47
ITEM01985,ORD00078,PROD0290,1,394.88,49
ITEM01986,ORD00116,PROD0273,2,4708.05,5
ITEM01987,ORD00588,PROD0473,4,1528.04,12
ITEM01988,ORD00075,PROD0393,4,656.24,29
ITEM01989,ORD00463,PROD0456,2,2691.79,4
ITEM01990,ORD00187,PROD0332,5,4557.85,33
ITEM01991,ORD00443,PROD0456,1,2508.2,18
ITEM01992,ORD00007,PROD0320,-4,2300.32,14
ITEM01993,ORD00331,PROD0219,2,2165.91,14
ITEM01994,ORD00599,PROD0346,3,6911.79,41
ITEM01995,ORD00682,PROD0103,5,904.78,45
ITEM01996,ORD00591,PROD0079,2,5255.84,13
ITEM01997,ORD00316,PROD0093,1,5283.73,38
ITEM01998,ORD00041,PROD0400,2,2050.77,4
ITEM01999,ORD00336,PROD0446,3,7096.76,42
ITEM02000,ORD00214,PROD0104,3,2426.82,17
ITEM02001,ORD00239,PROD0480,2,2560.43,1
ITEM02002,ORD00141,PROD0450,4,1119.34,24
ITEM02003,ORD00027,PROD0228,2,3686.9,28
ITEM02004,ORD00450,PROD0205,2,4659.45,24
ITEM02005,ORD00605,PROD0418,1,3232.4,11
ITEM02006,ORD00519,PROD0468,-5,5151.83,7
ITEM02007,ORD00167,PROD0388,2,6109.16,31
ITEM02008,ORD00620,PROD0184,3,4499.77,13
ITEM02009,ORD00093,PROD0410,5,2618.16,16
ITEM02010,ORD00521,PROD0058,4,2001.59,24
ITEM02011,ORD00431,PROD0205,1,4876.1,19
ITEM02012,ORD00067,PROD0223,3,162.41,44
ITEM02013,ORD00087,PROD0334,4,2422.7,1
ITEM02014,ORD00282,PROD0374,3,1103.92,15
ITEM02015,ORD00182,PROD0290,1,310.79,9
ITEM02016,ORD00144,PROD0356,4,5541.82,3
ITEM02017,ORD00611,PROD0411,2,6252.33,42
ITEM02018,ORD00301,PROD0191,5,5419.01,10
ITEM02019,ORD00430,PROD0089,2,852.84,9
ITEM02020,ORD00685,PROD0093,3,6772.79,7
ITEM02021,ORD00167,PROD0016,4,2957.39,25
ITEM02022,ORD00641,PROD0192,3,815.77,1
ITEM02023,ORD00027,PROD0170,1,737.72,2
ITEM02024,ORD00148,PROD0468,4,4213.98,24
ITEM02025,ORD00613,PROD0370,5,4831.98,6
ITEM02026,ORD00016,PROD0179,2,2256.66,4
ITEM02027,ORD00116,PROD0496,4,3416.74,26
ITEM02028,ORD00550,PROD0226,2,1075.4,40
ITEM02029,ORD00001,PROD0160,4,3760.44,16
ITEM02030,ORD00132,PROD0166,5,5623.12,39
ITEM02031,ORD00685,PROD0367,1,4492.87,47
ITEM02032,ORD00585,PROD0101,2,4225.37,8
ITEM02033,ORD00147,PROD0116,1,7394.86,45
ITEM02034,ORD00414,PROD0145,5,5732.91,14
ITEM02035,ORD00257,PROD0095,3,6443.71,29
ITEM02036,ORD00685,PROD0303,5,3292.43,17
ITEM02037,ORD00135,PROD0168,4,2783.78,9
ITEM02038,ORD00594,PROD0378,1,5092.04,24
ITEM02039,ORD00648,PROD0025,2,4406.71,0
ITEM02040,ORD00147,PROD0325,1,7281.41,15
ITEM02041,ORD00166,PROD0204,3,1031.02,30
ITEM02042,ORD00496,PROD0440,3,1647.07,36
ITEM02043,ORD00416,PROD0232,2,2780.82,16
ITEM02044,ORD00559,PROD0226,1,1044.18,41
ITEM02045,ORD00527,PROD0474,3,177.76,11
ITEM02046,ORD00262,PROD0175,4,5768.76,29
ITEM02047,ORD00680,PROD0050,3,7380.82,16
ITEM02048,ORD00065,PROD0401,3,3870.14,1
ITEM02049,ORD00557,PROD0065,1,6164.17,29
ITEM02050,ORD00114,PROD0062,5,3131.88,8
ITEM02051,ORD00356,PROD0158,4,2086.84,5
ITEM02052,ORD00517,PROD0094,4,1206.69,32
ITEM02053,ORD00200,PROD0073,2,735.46,12
ITEM02054,ORD00363,PROD0270,5,6031.43,36
ITEM02055,ORD00544,PROD0269,1,2314.78,23
ITEM02056,ORD00553,PROD0118,5,2350.23,10
ITEM02057,ORD00103,PROD0349,2,1799.83,39
ITEM02058,ORD00232,PROD0432,2,3651.42,39
ITEM02059,ORD00435,PROD0440,2,1693.92,25
ITEM02060,ORD00304,PROD0200,5,1653.67,30
ITEM02061,ORD00480,PROD0165,2,7196.55,19
ITEM02062,ORD00001,PROD0039,3,3454.17,42
ITEM02063,ORD00320,PROD0107,5,5006.25,4
ITEM02064,ORD00061,PROD0387,4,4605.57,30
ITEM02065,ORD00165,PROD0392,2,4222.93,10
ITEM02066,ORD00662,PROD0215,4,5993.54,15
ITEM02067,ORD00359,PROD0037,2,6821.56,17
ITEM02068,ORD00144,PROD0458,4,5010.64,47
ITEM02069,ORD00600,PROD0484,2,5351.53,9
ITEM02070,ORD00689,PROD0142,3,2289.45,7
ITEM02071,ORD00534,PROD0160,5,3362.8,40
ITEM02072,ORD00613,PROD0242,2,7242.8,19
ITEM02073,ORD00128,PROD0278,5,5336.49,4
ITEM02074,ORD00350,PROD0449,3,4702.23,2
ITEM02075,ORD00391,PROD0430,3,4787.87,29
ITEM02076,ORD00437,PROD0300,2,6335.39,44
ITEM02077,ORD00499,PROD0389,3,3570.03,6
ITEM02078,ORD00091,PROD0375,5,5722.45,23
ITEM02079,ORD00248,PROD0446,4,6931.0,27
ITEM02080,ORD00432,PROD0030,1,4685.17,17
ITEM02081,ORD00283,PROD0464,3,785.03,21
ITEM02082,ORD00430,PROD0342,3,1231.0,5
ITEM02083,ORD00014,PROD0052,4,5621.27,31
ITEM02084,ORD00227,PROD0303,4,3431.66,6
ITEM02085,ORD00500,PROD0288,5,7287.83,24
ITEM02086,ORD00622,PROD0266,4,930.97,6
ITEM02087,ORD00605,PROD0430,1,5499.68,7
ITEM02088,ORD00245,PROD0185,5,3755.9,38
ITEM02089,ORD00432,PROD0418,4,3886.06,2
ITEM02090,ORD00356,PROD0332,4,5257.16,36
ITEM02091,ORD00536,PROD0020,4,1451.58,40
ITEM02092,ORD00443,PROD0343,1,4350.9,11
ITEM02093,ORD00025,PROD0323,3,3668.07,26
ITEM02094,ORD00030,PROD0374,4,1395.39,16
ITEM02095,ORD00368,PROD0420,3,2569.87,15
ITEM02096,ORD00284,PROD0229,1,2030.92,44
ITEM02097,ORD00651,PROD0135,2,5360.54,49
ITEM02098,ORD00561,PROD0332,3,5104.95,48
ITEM02099,ORD00357,PROD0400,2,2227.25,5
ITEM02100,ORD00342,PROD0181,5,673.65,14
ITEM02101,ORD00325,PROD0425,3,5858.95,46
ITEM02102,ORD00093,PROD0328,4,6109.76,31
ITEM02103,ORD00655,PROD0096,4,215.44,45
ITEM02104,ORD00498,PROD0180,3,3523.32,23
ITEM02105,ORD00164,PROD0492,2,6429.37,7
ITEM02106,ORD00195,PROD0298,3,1235.66,44
ITEM02107,ORD00658,PROD0287,3,6226.71,34
ITEM02108,ORD00183,PROD0204,5,1265.15,12
ITEM02109,ORD00096,PROD0047,5,871.77,42
ITEM02110,ORD00415,PROD0437,3,3359.04,21
ITEM02111,ORD00546,PROD0182,4,3239.09,24
ITEM02112,ORD00107,PROD0433,3,4813.78,5
ITEM02113,ORD00332,PROD0116,4,7558.73,15
ITEM02114,ORD00562,PROD0080,3,6049.0,14
ITEM02115,ORD00225,PROD0126,2,633.16,13
ITEM02116,ORD00149,PROD0007,3,4563.66,1
ITEM02117,ORD00627,PROD0248,4,1921.6,35
ITEM02118,ORD00582,PROD0099,4,3071.67,33
ITEM02119,ORD00595,PROD0205,5,5652.16,24
ITEM02120,ORD00268,PROD0362,3,1907.87,16
ITEM02121,ORD00442,PROD0190,3,3117.45,15
ITEM02122,ORD00328,PROD0277,3,3243.27,44
ITEM02123,ORD00138,PROD0165,2,7339.67,37
ITEM02124,ORD00132,PROD0050,5,7273.12,34
ITEM02125,ORD00322,PROD0054,5,4722.5,22
ITEM02126,ORD00661,PROD0500,5,2541.26,14
ITEM02127,ORD00477,PROD0138,5,3242.64,29
ITEM02128,ORD00634,PROD0225,4,926.24,4
ITEM02129,ORD00176,PROD0012,5,4038.02,41
ITEM02130,ORD00059,PROD0459,3,1189.95,45
ITEM02131,ORD00152,PROD0033,3,3584.83,46
ITEM02132,ORD00283,PROD0292,3,722.48,46
ITEM02133,ORD00029,PROD0366,5,6455.51,45
ITEM02134,ORD00137,PROD0203,2,6436.45,19
ITEM02135,ORD00552,PROD0357,3,225.16,36
ITEM02136,ORD00521,PROD0485,4,983.49,34
ITEM02137,ORD00698,PROD0301,3,3926.86,39
ITEM02138,ORD00055,PROD0365,3,3415.88,49
ITEM02139,ORD00073,PROD0315,1,5078.07,46
ITEM02140,ORD00166,PROD0376,2,5279.42,38
ITEM02141,ORD00184,PROD0428,2,4398.26,31
ITEM02142,ORD00123,PROD0170,1,586.97,25
ITEM02143,ORD00588,PROD0359,4,2597.75,24
ITEM02144,ORD00486,PROD0071,3,2814.23,19
ITEM02145,ORD00364,PROD0091,4,4191.22,31
ITEM02146,ORD00093,PROD0095,3,6584.65,14
ITEM02147,ORD00360,PROD0332,1,4557.73,48
ITEM02148,ORD00097,PROD0269,3,1839.76,38
ITEM02149,ORD00063,PROD0286,1,5348.92,6
ITEM02150,ORD00173,PROD0001,5,832.93,20
ITEM02151,ORD00394,PROD0157,1,2396.99,36
ITEM02152,ORD00577,PROD0192,1,890.95,12
ITEM02153,ORD00652,PROD0318,4,5381.99,13
ITEM02154,ORD00354,PROD0050,2,7060.06,36
ITEM02155,ORD00182,PROD0457,4,5085.88,49
ITEM02156,ORD00182,PROD0260,2,5857.5,28
ITEM02157,ORD00032,PROD0319,1,5624.05,50
ITEM02158,ORD00124,PROD0414,3,5917.83,6
ITEM02159,ORD00358,PROD0350,2,6351.62,10
ITEM02160,ORD00103,PROD0255,2,2710.15,39
ITEM02161,ORD00346,PROD0481,4,1034.09,35
ITEM02162,ORD00399,PROD0402,4,6232.23,42
ITEM02163,ORD00568,PROD0034,3,4275.14,9
ITEM02164,ORD00246,PROD0492,4,6169.27,25
ITEM02165,ORD00043,PROD0184,1,5160.53,30
ITEM02166,ORD00676,PROD0363,5,3661.59,33
ITEM02167,ORD00094,PROD0340,3,5185.98,36
ITEM02168,ORD00589,PROD0360,5,1416.32,48
ITEM02169,ORD00560,PROD0330,2,3512.13,8
ITEM02170,ORD00459,PROD0391,2,6181.95,40
ITEM02171,ORD00437,PROD0207,4,2021.04,31
ITEM02172,ORD00025,PROD0252,1,2421.49,30
ITEM02173,ORD00625,PROD0200,3,1456.17,50
ITEM02174,ORD00295,PROD0395,1,2922.36,2
ITEM02175,ORD00193,PROD0485,1,1034.44,37
ITEM02176,ORD00585,PROD0278,2,5624.7,47
ITEM02177,ORD00050,PROD0274,1,2499.9,19
ITEM02178,ORD00395,PROD0097,3,5386.32,3
ITEM02179,ORD00445,PROD0379,5,2875.78,11
ITEM02180,ORD00521,PROD0190,1,3125.93,6
ITEM02181,ORD00469,PROD0487,2,3581.64,45
ITEM02182,ORD00328,PROD0038,2,2114.32,36
ITEM02183,ORD00656,PROD0314,1,3106.6,24
ITEM02184,ORD00211,PROD0461,1,7409.9,0
ITEM02185,ORD00247,PROD0338,3,7614.32,24
ITEM02186,ORD00234,PROD0191,4,4831.68,9
ITEM02187,ORD00614,PROD0127,5,1213.32,27
ITEM02188,ORD00697,PROD0293,3,2738.95,41
ITEM02189,ORD00280,PROD0210,1,5346.29,26
ITEM02190,ORD00387,PROD0143,2,6191.31,31
ITEM02191,ORD00260,PROD0308,1,466.65,25
ITEM02192,ORD00043,PROD0357,4,211.53,44
ITEM02193,ORD00229,PROD0037,-1,5361.88,50
ITEM02194,ORD00501,PROD0035,2,4542.07,10
ITEM02195,ORD00263,PROD0490,4,835.54,18
ITEM02196,ORD00292,PROD0439,5,635.59,48
ITEM02197,ORD00123,PROD0203,2,6943.39,35
ITEM02198,ORD00510,PROD0103,2,810.94,2
ITEM02199,ORD00481,PROD0246,1,4657.41,2
ITEM02200,ORD00398,PROD0095,1,7283.71,4
ITEM02201,ORD00248,PROD0224,5,1559.66,47
ITEM02202,ORD00147,PROD0227,5,3527.69,42
ITEM02203,ORD00516,PROD0393,2,647.78,46
ITEM02204,ORD00326,PROD0023,5,541.09,9
ITEM02205,ORD00350,PROD0441,3,5182.02,22
ITEM02206,ORD00474,PROD0103,1,781.68,9
ITEM02207,ORD00299,PROD0259,1,4421.67,40
ITEM02208,ORD00200,PROD0172,4,1522.0,28
ITEM02209,ORD00072,PROD0432,2,3714.16,18
ITEM02210,ORD00571,PROD0083,2,2050.17,20
ITEM02211,ORD00059,PROD0058,1,2262.91,34
ITEM02212,ORD00018,PROD0317,2,2473.98,20
ITEM02213,ORD00380,PROD0020,2,1485.21,43
ITEM02214,ORD00240,PROD0004,4,5892.11,3
ITEM02215,ORD00397,PROD0394,5,4233.88,14
ITEM02216,ORD00644,PROD0019,5,1980.95,1
ITEM02217,ORD00665,PROD0422,4,7370.96,41
ITEM02218,ORD00396,PROD0145,5,6252.69,47
ITEM02219,ORD00244,PROD0350,-4,6391.43,22
ITEM02220,ORD00652,PROD0233,4,7693.19,9
ITEM02221,ORD00466,PROD0275,3,4989.1,18
ITEM02222,ORD00653,PROD0375,2,5727.23,24
ITEM02223,ORD00264,PROD0452,2,5353.14,1
ITEM02224,ORD00443,PROD0413,3,1430.97,29
ITEM02225,ORD00421,PROD0364,5,5383.99,25
ITEM02226,ORD00129,PROD0431,3,555.69,25
ITEM02227,ORD00432,PROD0453,4,502.63,28
ITEM02228,ORD00455,PROD0488,4,3766.09,21
ITEM02229,ORD00334,PROD0341,4,5209.69,33
ITEM02230,ORD00211,PROD0126,2,683.27,36
ITEM02231,ORD00200,PROD0486,5,4476.64,29
ITEM02232,ORD00562,PROD0442,4,2643.68,19
ITEM02233,ORD00219,PROD0202,2,5819.01,34
ITEM02234,ORD00668,PROD0232,3,3144.39,49
ITEM02235,ORD00639,PROD0212,1,4148.71,21
ITEM02236,ORD00565,PROD0456,2,2698.58,33
ITEM02237,ORD00443,PROD0093,4,5279.56,13
ITEM02238,ORD00396,PROD0291,2,3229.37,47
ITEM02239,ORD00697,PROD0289,2,5619.3,36
ITEM02240,ORD00203,PROD0078,4,6552.71,15
ITEM02241,ORD00134,PROD0391,4,6225.61,48
ITEM02242,ORD00628,PROD0272,1,2747.42,50
ITEM02243,ORD00067,PROD0044,1,3359.09,3
ITEM02244,ORD00340,PROD0437,1,3537.92,22
ITEM02245,ORD00208,PROD0381,2,5591.63,19
ITEM02246,ORD00068,PROD0186,5,6370.1,37
ITEM02247,ORD00458,PROD0244,-3,6406.46,18
ITEM02248,ORD00311,PROD0052,5,5477.51,9
ITEM02249,ORD00168,PROD0213,1,5066.54,39
ITEM02250,ORD00420,PROD0082,5,7053.76,30
ITEM02251,ORD00288,PROD0354,2,7867.3,42
ITEM02252,ORD00151,PROD0466,4,2635.82,2
ITEM02253,ORD00139,PROD0451,4,4747.29,30
ITEM02254,ORD00175,PROD0393,1,616.43,23
ITEM02255,ORD00452,PROD0300,5,5200.44,1
ITEM02256,ORD00504,PROD0485,5,1045.92,21
ITEM02257,ORD00088,PROD0454,3,2171.42,8
ITEM02258,ORD00640,PROD0154,4,2806.52,7
ITEM02259,ORD00685,PROD0101,3,4321.24,50
ITEM02260,ORD00086,PROD0182,5,4118.42,31
ITEM02261,ORD00017,PROD0319,5,4884.4,10
ITEM02262,ORD00374,PROD0436,3,5171.36,17
ITEM02263,ORD00533,PROD0463,1,3209.51,10
ITEM02264,ORD00054,PROD0333,-2,1542.51,16
ITEM02265,ORD00460,PROD0222,3,4643.77,47
ITEM02266,ORD00673,PROD0235,1,4921.27,2
ITEM02267,ORD00134,PROD0447,5,5573.82,36
ITEM02268,ORD00020,PROD0155,-4,3179.8,30
ITEM02269,ORD00390,PROD0199,1,1453.42,17
ITEM02270,ORD00385,PROD0172,3,1913.32,50
ITEM02271,ORD00435,PROD0209,3,4289.68,22
ITEM02272,ORD00268,PROD0283,2,4482.14,17
ITEM02273,ORD00086,PROD0468,4,5420.53,5
ITEM02274,ORD00683,PROD0468,3,5341.28,7
ITEM02275,ORD00024,PROD0416,2,5937.74,6
ITEM02276,ORD00249,PROD0039,2,3142.18,9
ITEM02277,ORD00586,PROD0411,2,6110.88,4
ITEM02278,ORD00010,PROD0371,1,6543.9,21
ITEM02279,ORD00633,PROD0037,2,6166.48,29
ITEM02280,ORD00647,PROD0448,3,1482.41,6
ITEM02281,ORD00628,PROD0063,1,5822.13,12
ITEM02282,ORD00084,PROD0096,1,250.16,5
ITEM02283,ORD00004,PROD0222,2,4903.06,45
ITEM02284,ORD00082,PROD0199,3,1425.95,12
ITEM02285,ORD00488,PROD0419,2,5983.32,31
ITEM02286,ORD00620,PROD0362,2,1740.23,46
ITEM02287,ORD00693,PROD0304,1,2518.81,32
ITEM02288,ORD00007,PROD0041,2,5281.76,16
ITEM02289,ORD00148,PROD0450,5,1281.45,12
ITEM02290,ORD00127,PROD0360,1,1282.2,20
ITEM02291,ORD00234,PROD0084,4,6079.54,37
ITEM02292,ORD00304,PROD0308,4,451.22,18
ITEM02293,ORD00224,PROD0219,3,2541.83,47
ITEM02294,ORD00247,PROD0272,1,2731.47,43
ITEM02295,ORD00258,PROD0145,2,5658.0,4
ITEM02296,ORD00506,PROD0177,1,1215.82,27
ITEM02297,ORD00082,PROD0346,4,5893.59,47
ITEM02298,ORD00691,PROD0046,3,2328.96,23
ITEM02299,ORD00698,PROD0311,1,1042.85,46
ITEM02300,ORD00327,PROD0231,3,3989.28,30
ITEM02301,ORD00380,PROD0256,3,6410.57,20
ITEM02302,ORD00560,PROD0382,2,329.91,10
ITEM02303,ORD00044,PROD0354,3,6746.62,29
ITEM02304,ORD00333,PROD0473,4,1466.07,29
ITEM02305,ORD00464,PROD0079,2,5206.9,24
ITEM02306,ORD00430,PROD0487,1,3564.16,50
ITEM02307,ORD00325,PROD0196,2,2198.68,0
ITEM02308,ORD00445,PROD0406,2,3599.36,11
ITEM02309,ORD00223,PROD0049,1,3518.09,9
ITEM02310,ORD00278,PROD0173,2,1148.42,25
ITEM02311,ORD00163,PROD0156,5,2670.37,12
ITEM02312,ORD00499,PROD0311,4,1003.01,10
ITEM02313,ORD00500,PROD0497,1,897.01,6
ITEM02314,ORD00069,PROD0488,3,4029.78,38
ITEM02315,ORD00297,PROD0073,2,685.37,31
ITEM02316,ORD00222,PROD0214,4,4627.04,19
ITEM02317,ORD00647,PROD0082,3,7208.92,43
ITEM02318,ORD00634,PROD0220,5,4967.2,8
ITEM02319,ORD00543,PROD0145,3,6876.69,44
ITEM02320,ORD00132,PROD0190,5,3173.71,4
ITEM02321,ORD00019,PROD0229,-3,2087.42,13
ITEM02322,ORD00335,PROD0353,2,4776.07,20
ITEM02323,ORD00650,PROD0469,4,2386.51,35
ITEM02324,ORD00349,PROD0296,3,5661.79,8
ITEM02325,ORD00330,PROD0401,5,4485.27,14
ITEM02326,ORD00608,PROD0313,2,5795.23,15
ITEM02327,ORD00501,PROD0289,4,6004.06,20
ITEM02328,ORD00524,PROD0451,1,4626.08,9
ITEM02329,ORD00639,PROD0165,1,6824.67,29
ITEM02330,ORD00618,PROD0462,3,737.2,24
ITEM02331,ORD00198,PROD0406,3,4240.02,23
ITEM02332,ORD00061,PROD0243,2,4888.03,0
ITEM02333,ORD00336,PROD0183,5,6652.69,9
ITEM02334,ORD00280,PROD0490,3,886.38,20
ITEM02335,ORD00620,PROD0453,5,464.79,41
ITEM02336,ORD00193,PROD0491,5,1319.55,18
ITEM02337,ORD00063,PROD0377,2,3295.62,32
ITEM02338,ORD00290,PROD0128,-4,4384.28,0
ITEM02339,ORD00306,PROD0134,2,4358.19,1
ITEM02340,ORD00030,PROD0334,-4,1924.38,29
ITEM02341,ORD00152,PROD0229,4,2171.88,38
ITEM02342,ORD00455,PROD0389,3,3440.62,17
ITEM02343,ORD00467,PROD0142,2,2818.34,29
ITEM02344,ORD00292,PROD0084,5,5232.05,1
ITEM02345,ORD00127,PROD0027,3,5357.13,23
ITEM02346,ORD00146,PROD0162,4,3341.1,40
ITEM02347,ORD00445,PROD0331,3,6206.24,20
ITEM02348,ORD00628,PROD0429,1,3887.5,20
ITEM02349,ORD00580,PROD0388,5,5950.62,32
ITEM02350,ORD00058,PROD0371,2,6123.88,4
ITEM02351,ORD00144,PROD0078,1,6960.3,45
ITEM02352,ORD00241,PROD0048,3,5201.8,21
ITEM02353,ORD00084,PROD0212,3,4863.77,31
ITEM02354,ORD00411,PROD0280,1,1198.08,41
ITEM02355,ORD00406,PROD0356,2,5226.32,5
ITEM02356,ORD00213,PROD0230,2,1593.46,16
ITEM02357,ORD00233,PROD0123,1,5341.01,35
ITEM02358,ORD00025,PROD0027,2,5245.72,2
ITEM02359,ORD00225,PROD0389,2,4373.05,8
ITEM02360,ORD00513,PROD0164,3,2908.8,40
ITEM02361,ORD00687,PROD0203,1,6170.06,18
ITEM02362,ORD00505,PROD0013,4,5785.98,2
ITEM02363,ORD00205,PROD0302,1,3256.47,37
ITEM02364,ORD00504,PROD0004,3,7262.24,37
ITEM02365,ORD00377,PROD0261,2,2786.19,9
ITEM02366,ORD00550,PROD0004,5,6437.48,35
ITEM02367,ORD00384,PROD0262,4,286.89,12
ITEM02368,ORD00623,PROD0132,3,2625.37,16
ITEM02369,ORD00403,PROD0062,3,2911.67,28
ITEM02370,ORD00618,PROD0496,5,3718.11,13
ITEM02371,ORD00190,PROD0058,1,2247.99,6
ITEM02372,ORD00211,PROD0103,5,861.06,19
ITEM02373,ORD00691,PROD0110,5,2217.14,23
ITEM02374,ORD00475,PROD0028,2,3419.35,16
ITEM02375,ORD00223,PROD0262,1,300.51,13
ITEM02376,ORD00186,PROD0441,3,4236.63,46
ITEM02377,ORD00398,PROD0369,3,3221.92,25
ITEM02378,ORD00617,PROD0386,2,1068.5,30
ITEM02379,ORD00575,PROD0306,3,212.63,42
ITEM02380,ORD00255,PROD0040,5,830.29,0
ITEM02381,ORD00032,PROD0318,1,6524.4,17
ITEM02382,ORD00001,PROD0156,4,2754.9,36
ITEM02383,ORD00164,PROD0050,1,6605.69,41
ITEM02384,ORD00196,PROD0498,4,2665.74,23
ITEM02385,ORD00078,PROD0144,4,353.48,19
ITEM02386,ORD00036,PROD0461,1,6234.94,16
ITEM02387,ORD00468,PROD0477,2,3813.96,40
ITEM02388,ORD00699,PROD0406,1,4432.36,30
ITEM02389,ORD00179,PROD0008,1,743.97,15
ITEM02390,ORD00467,PROD0446,5,6674.86,17
ITEM02391,ORD00277,PROD0012,5,4074.62,46
ITEM02392,ORD00157,PROD0111,1,4549.4,24
ITEM02393,ORD00031,PROD0020,-4,1306.67,29
ITEM02394,ORD00423,PROD0090,1,1374.39,2
ITEM02395,ORD00673,PROD0033,3,4338.52,46
ITEM02396,ORD00491,PROD0104,3,2320.28,17
ITEM02397,ORD00193,PROD0121,4,3709.17,41
ITEM02398,ORD00046,PROD0448,5,1501.69,27
ITEM02399,ORD00573,PROD0488,4,4123.23,45
ITEM02400,ORD00049,PROD0147,3,4608.84,23
ITEM02401,ORD00468,PROD0421,4,5291.56,23
ITEM02402,ORD00675,PROD0462,3,895.67,34
ITEM02403,ORD00150,PROD0165,3,6588.3,37
ITEM02404,ORD00412,PROD0191,4,6321.37,49
ITEM02405,ORD00300,PROD0076,4,214.74,26
ITEM02406,ORD00369,PROD0493,4,187.26,16
ITEM02407,ORD00141,PROD0171,3,1531.28,28
ITEM02408,ORD00553,PROD0442,2,3047.05,21
ITEM02409,ORD00519,PROD0471,2,3559.54,34
ITEM02410,ORD00648,PROD0426,2,7449.39,36
ITEM02411,ORD00143,PROD0418,2,3997.26,25
ITEM02412,ORD00084,PROD0422,4,7265.21,32
ITEM02413,ORD00558,PROD0022,5,1532.33,0
ITEM02414,ORD00261,PROD0479,5,5424.95,10
ITEM02415,ORD00233,PROD0351,3,5528.27,20
ITEM02416,ORD00383,PROD0281,4,6595.59,25
ITEM02417,ORD00225,PROD0296,3,5740.62,44
ITEM02418,ORD00109,PROD0116,4,6234.25,44
ITEM02419,ORD00193,PROD0367,1,5029.51,32
ITEM02420,ORD00111,PROD0254,2,7678.39,44
ITEM02421,ORD00314,PROD0124,4,525.87,13
ITEM02422,ORD00555,PROD0327,1,5506.01,12
ITEM02423,ORD00025,PROD0009,1,3164.02,13
ITEM02424,ORD00191,PROD0424,1,5132.33,28
ITEM02425,ORD00122,PROD0217,3,2991.69,0
ITEM02426,ORD00612,PROD0154,3,2427.46,13
ITEM02427,ORD00312,PROD0220,5,5711.59,30
ITEM02428,ORD00651,PROD0315,5,4376.16,31
ITEM02429,ORD00033,PROD0256,3,5708.91,16
ITEM02430,ORD00485,PROD0441,4,4958.82,49
ITEM02431,ORD00101,PROD0217,5,2957.9,22
ITEM02432,ORD00503,PROD0014,4,827.02,31
ITEM02433,ORD00089,PROD0244,3,6129.92,5
ITEM02434,ORD00252,PROD0371,1,6050.34,47
ITEM02435,ORD00346,PROD0124,5,634.32,2
ITEM02436,ORD00331,PROD0159,5,5681.41,28
ITEM02437,ORD00222,PROD0315,4,4452.52,43
ITEM02438,ORD00132,PROD0304,1,2879.54,28
ITEM02439,ORD00071,PROD0258,-2,6583.35,44
ITEM02440,ORD00579,PROD0199,5,1437.06,3
ITEM02441,ORD00260,PROD0300,1,6044.42,31
ITEM02442,ORD00179,PROD0462,4,791.64,10
ITEM02443,ORD00041,PROD0149,5,1161.08,7
ITEM02444,ORD00159,PROD0496,1,3155.08,31
ITEM02445,ORD00256,PROD0003,4,5617.03,41
ITEM02446,ORD00181,PROD0396,4,4622.42,11
ITEM02447,ORD00229,PROD0175,5,5881.21,14
ITEM02448,ORD00456,PROD0414,1,4664.35,8
ITEM02449,ORD00136,PROD0380,5,4180.88,28
ITEM02450,ORD00509,PROD0188,4,4310.13,33
ITEM02451,ORD00378,PROD0326,5,2809.47,30
ITEM02452,ORD00035,PROD0143,4,5770.45,27
ITEM02453,ORD00069,PROD0034,1,4296.94,42
ITEM02454,ORD00367,PROD0244,4,6066.58,15
ITEM02455,ORD00141,PROD0062,1,2667.33,36
ITEM02456,ORD00192,PROD0341,2,5730.12,34
ITEM02457,ORD00383,PROD0286,3,5051.41,50
ITEM02458,ORD00673,PROD0095,5,6607.54,35
ITEM02459,ORD00041,PROD0119,2,223.25,8
ITEM02460,ORD00401,PROD0006,3,1767.61,50
ITEM02461,ORD00013,PROD0058,5,2432.79,37
ITEM02462,ORD00544,PROD0005,3,2899.92,8
ITEM02463,ORD00328,PROD0472,2,7299.12,13
ITEM02464,ORD00194,PROD0340,4,4611.16,13
ITEM02465,ORD00102,PROD0089,4,769.8,40
ITEM02466,ORD00555,PROD0440,1,1625.56,8
ITEM02467,ORD00523,PROD0075,1,4487.23,4
ITEM02468,ORD00580,PROD0085,2,1701.93,26
ITEM02469,ORD00641,PROD0186,2,6237.67,26
ITEM02470,ORD00062,PROD0386,4,829.25,20
ITEM02471,ORD00405,PROD0015,2,5837.39,23
ITEM02472,ORD00401,PROD0231,5,4089.68,14
ITEM02473,ORD00131,PROD0246,-5,5911.78,32
ITEM02474,ORD00417,PROD0331,2,5924.41,33
ITEM02475,ORD00295,PROD0255,1,2581.72,1
ITEM02476,ORD00428,PROD0034,5,4062.61,49
ITEM02477,ORD00150,PROD0396,1,5116.94,25
ITEM02478,ORD00288,PROD0238,3,6482.8,34
ITEM02479,ORD00620,PROD0168,3,3180.22,30
ITEM02480,ORD00524,PROD0250,4,2515.88,44
ITEM02481,ORD00604,PROD0356,5,5779.22,38
ITEM02482,ORD00614,PROD0339,5,1894.14,21
ITEM02483,ORD00094,PROD0355,4,2284.8,34
ITEM02484,ORD00530,PROD0316,1,1079.28,17
ITEM02485,ORD00278,PROD0448,3,1407.35,14
ITEM02486,ORD00321,PROD0475,3,3065.54,36
ITEM02487,ORD00196,PROD0179,3,2329.44,21
ITEM02488,ORD00531,PROD0347,4,3199.18,38
ITEM02489,ORD00435,PROD0343,2,5098.06,50
ITEM02490,ORD00143,PROD0411,3,5158.55,43
ITEM02491,ORD00371,PROD0365,5,3382.99,13
ITEM02492,ORD00474,PROD0298,5,1003.18,46
ITEM02493,ORD00299,PROD0327,2,4466.81,50
ITEM02494,ORD00649,PROD0426,3,6157.21,41
ITEM02495,ORD00509,PROD0192,2,763.9,45
ITEM02496,ORD00278,PROD0478,5,1342.7,21
ITEM02497,ORD00150,PROD0131,-5,5470.28,7
ITEM02498,ORD00386,PROD0417,5,5224.81,0
ITEM02499,ORD00069,PROD0097,3,5336.88,29
ITEM02500,ORD00564,PROD0299,3,6087.44,26
